"ИД_рейса","Название_перевозчика","Дата_выезда","Расстояние_км","Загрузка_кузова_процент","Fact_opozdaniya","Время_в_пути_часов","Стоимость_тонно_километра"
DOC_TRP_10000,Alpha_Trans,2025-04-13 00:00:00.000,1300,45.46,0,31.0,10.69
DOC_TRP_10001,Alpha_Trans,2025-11-27 00:00:00.000,3300,40.03,0,66.0,11.30
DOC_TRP_10002,Beta_Logistic,2025-10-04 00:00:00.000,1000,84.19,0,26.0,7.34
DOC_TRP_10003,Trans_Express,2025-07-07 00:00:00.000,3300,76.47,0,67.0,20.81
DOC_TRP_10004,Beta_Logistic,2025-03-30 00:00:00.000,1300,80.54,0,32.0,7.98
DOC_TRP_10005,Beta_Logistic,2025-09-21 00:00:00.000,3300,86.93,0,68.0,18.71
DOC_TRP_10006,Beta_Logistic,2025-04-16 00:00:00.000,1300,95.53,0,32.0,18.27
DOC_TRP_10007,Alpha_Trans,2025-09-27 00:00:00.000,1300,69.00,0,34.0,9.26
DOC_TRP_10008,Alpha_Trans,2025-08-05 00:00:00.000,1300,54.80,0,31.0,29.79
DOC_TRP_10009,Trans_Express,2025-05-09 00:00:00.000,1300,88.94,0,34.0,5.18
DOC_TRP_10010,Alpha_Trans,2025-08-19 00:00:00.000,1400,52.98,0,36.0,9.28
DOC_TRP_10011,Trans_Express,2025-03-03 00:00:00.000,400,91.40,0,16.0,7.39
DOC_TRP_10012,Beta_Logistic,2025-09-14 00:00:00.000,400,84.83,0,18.0,5.75
DOC_TRP_10013,Alpha_Trans,2025-02-11 00:00:00.000,1300,57.80,0,33.0,7.83
DOC_TRP_10014,Trans_Express,2025-08-10 00:00:00.000,400,76.77,0,18.0,6.13
DOC_TRP_10015,Beta_Logistic,2025-07-06 00:00:00.000,3300,85.50,0,66.0,7.70
DOC_TRP_10016,Beta_Logistic,2025-04-18 00:00:00.000,1300,95.85,0,32.0,6.81
DOC_TRP_10017,Alpha_Trans,2025-10-10 00:00:00.000,1000,56.93,0,27.0,28.70
DOC_TRP_10018,Beta_Logistic,2025-08-13 00:00:00.000,3300,76.49,0,68.0,6.00
DOC_TRP_10019,Beta_Logistic,2025-02-21 00:00:00.000,1300,75.85,0,31.0,6.26
DOC_TRP_10020,Beta_Logistic,2025-04-23 00:00:00.000,1400,90.65,0,36.0,6.84
DOC_TRP_10021,Beta_Logistic,2025-02-22 00:00:00.000,1300,80.56,0,34.0,7.86
DOC_TRP_10022,Beta_Logistic,2025-10-21 00:00:00.000,400,86.68,0,18.0,7.42
DOC_TRP_10023,Trans_Express,2025-12-15 00:00:00.000,3300,77.21,0,67.0,6.28
DOC_TRP_10024,Alpha_Trans,2025-05-08 00:00:00.000,1400,70.71,0,31.0,6.61
DOC_TRP_10025,Beta_Logistic,2025-04-09 00:00:00.000,1300,97.20,0,29.0,17.18
DOC_TRP_10026,Trans_Express,2025-02-06 00:00:00.000,3300,94.67,1,72.0,17.22
DOC_TRP_10027,Trans_Express,2025-02-23 00:00:00.000,1000,75.20,0,27.0,21.41
DOC_TRP_10028,Alpha_Trans,2025-04-09 00:00:00.000,1000,62.81,1,33.0,10.00
DOC_TRP_10029,Alpha_Trans,2025-06-18 00:00:00.000,1300,66.00,0,34.0,25.24
DOC_TRP_10030,Alpha_Trans,2025-07-14 00:00:00.000,1000,74.06,0,28.0,6.33
DOC_TRP_10031,Beta_Logistic,2025-12-31 00:00:00.000,3300,86.33,0,65.0,5.47
DOC_TRP_10032,Trans_Express,2025-11-13 00:00:00.000,3300,81.40,0,68.0,19.54
DOC_TRP_10033,Alpha_Trans,2025-01-06 00:00:00.000,3300,74.27,0,65.0,23.40
DOC_TRP_10034,Alpha_Trans,2025-04-26 00:00:00.000,400,72.77,0,18.0,6.38
DOC_TRP_10035,Beta_Logistic,2025-02-27 00:00:00.000,3300,81.79,0,66.0,8.04
DOC_TRP_10036,Alpha_Trans,2025-09-30 00:00:00.000,1000,68.35,1,42.0,7.09
DOC_TRP_10037,Beta_Logistic,2025-01-13 00:00:00.000,1300,91.15,0,31.0,5.21
DOC_TRP_10038,Trans_Express,2025-05-22 00:00:00.000,1300,90.46,0,32.0,5.00
DOC_TRP_10039,Beta_Logistic,2025-02-20 00:00:00.000,1000,80.76,0,27.0,6.17
DOC_TRP_10040,Alpha_Trans,2025-06-19 00:00:00.000,3300,56.00,0,68.0,30.74
DOC_TRP_10041,Beta_Logistic,2025-09-19 00:00:00.000,400,97.30,0,19.0,4.98
DOC_TRP_10042,Alpha_Trans,2025-04-16 00:00:00.000,3300,73.69,0,66.0,6.40
DOC_TRP_10043,Alpha_Trans,2025-10-06 00:00:00.000,1000,43.27,0,26.0,37.26
DOC_TRP_10044,Alpha_Trans,2025-03-30 00:00:00.000,400,54.67,0,18.0,31.87
DOC_TRP_10045,Trans_Express,2025-03-17 00:00:00.000,1400,77.13,0,33.0,20.79
DOC_TRP_10046,Alpha_Trans,2025-04-04 00:00:00.000,1300,55.18,0,31.0,12.09
DOC_TRP_10047,Beta_Logistic,2025-01-23 00:00:00.000,1400,89.39,0,34.0,7.37
DOC_TRP_10048,Alpha_Trans,2025-04-06 00:00:00.000,1000,70.33,1,40.0,22.90
DOC_TRP_10049,Beta_Logistic,2025-06-09 00:00:00.000,3300,96.65,0,65.0,4.99
DOC_TRP_10050,Alpha_Trans,2025-11-19 00:00:00.000,1000,61.63,0,26.0,10.24
DOC_TRP_10051,Beta_Logistic,2025-08-03 00:00:00.000,1000,86.40,0,27.0,19.96
DOC_TRP_10052,Beta_Logistic,2025-11-10 00:00:00.000,400,97.20,0,19.0,17.89
DOC_TRP_10053,Alpha_Trans,2025-06-13 00:00:00.000,1400,44.47,0,35.0,37.74
DOC_TRP_10054,Alpha_Trans,2025-04-06 00:00:00.000,400,71.59,0,16.0,6.80
DOC_TRP_10055,Alpha_Trans,2025-03-03 00:00:00.000,1300,73.54,0,33.0,8.66
DOC_TRP_10056,Trans_Express,2025-03-17 00:00:00.000,1000,76.91,0,29.0,8.60
DOC_TRP_10057,Alpha_Trans,2025-03-10 00:00:00.000,3300,72.58,0,65.0,6.36
DOC_TRP_10058,Alpha_Trans,2025-07-05 00:00:00.000,1400,45.00,0,35.0,10.96
DOC_TRP_10059,Alpha_Trans,2025-03-15 00:00:00.000,1400,53.87,0,34.0,31.99
DOC_TRP_10060,Beta_Logistic,2025-10-10 00:00:00.000,1400,94.80,0,34.0,17.60
DOC_TRP_10061,Alpha_Trans,2025-12-08 00:00:00.000,1300,64.79,0,31.0,7.63
DOC_TRP_10062,Beta_Logistic,2025-10-02 00:00:00.000,400,86.33,0,17.0,5.46
DOC_TRP_10063,Beta_Logistic,2025-05-21 00:00:00.000,1400,92.11,0,36.0,7.23
DOC_TRP_10064,Trans_Express,2025-12-14 00:00:00.000,1000,93.40,0,26.0,17.10
DOC_TRP_10065,Alpha_Trans,2025-06-22 00:00:00.000,400,42.58,1,18.0,11.59
DOC_TRP_10066,Alpha_Trans,2025-08-15 00:00:00.000,3300,60.45,0,65.0,10.39
DOC_TRP_10067,Trans_Express,2025-05-24 00:00:00.000,1000,89.26,0,29.0,7.61
DOC_TRP_10068,Beta_Logistic,2025-01-08 00:00:00.000,1400,80.97,0,36.0,7.81
DOC_TRP_10069,Alpha_Trans,2025-05-25 00:00:00.000,1000,73.20,1,36.0,23.48
DOC_TRP_10070,Trans_Express,2025-09-13 00:00:00.000,400,76.00,1,22.0,21.75
DOC_TRP_10071,Beta_Logistic,2025-04-29 00:00:00.000,1000,92.20,0,28.0,18.04
DOC_TRP_10072,Trans_Express,2025-08-05 00:00:00.000,3300,81.27,0,66.0,21.20
DOC_TRP_10073,Alpha_Trans,2025-11-07 00:00:00.000,1300,66.87,0,32.0,26.17
DOC_TRP_10074,Beta_Logistic,2025-06-14 00:00:00.000,1400,96.94,0,34.0,4.78
DOC_TRP_10075,Beta_Logistic,2025-07-24 00:00:00.000,1300,77.60,0,34.0,21.85
DOC_TRP_10076,Beta_Logistic,2025-06-03 00:00:00.000,1400,87.69,0,35.0,7.61
DOC_TRP_10077,Alpha_Trans,2025-08-10 00:00:00.000,3300,64.60,0,67.0,24.86
DOC_TRP_10078,Beta_Logistic,2025-04-13 00:00:00.000,1300,91.70,0,32.0,7.16
DOC_TRP_10079,Trans_Express,2025-09-06 00:00:00.000,1000,78.38,1,30.0,8.39
DOC_TRP_10080,Beta_Logistic,2025-07-03 00:00:00.000,1000,86.27,1,30.0,18.85
DOC_TRP_10081,Trans_Express,2025-07-24 00:00:00.000,3300,78.49,0,65.0,5.80
DOC_TRP_10082,Alpha_Trans,2025-01-08 00:00:00.000,1300,61.07,1,34.0,8.07
DOC_TRP_10083,Alpha_Trans,2025-02-20 00:00:00.000,3300,59.20,0,66.0,27.72
DOC_TRP_10084,Beta_Logistic,2025-05-13 00:00:00.000,1000,75.90,0,27.0,8.45
DOC_TRP_10085,Beta_Logistic,2025-09-06 00:00:00.000,1000,94.97,0,28.0,5.01
DOC_TRP_10086,Trans_Express,2025-01-08 00:00:00.000,1000,80.40,1,32.0,21.74
DOC_TRP_10087,Alpha_Trans,2025-01-28 00:00:00.000,1400,71.33,0,36.0,8.69
DOC_TRP_10088,Trans_Express,2025-08-26 00:00:00.000,3300,77.40,0,66.0,22.32
DOC_TRP_10089,Beta_Logistic,2025-04-29 00:00:00.000,400,80.36,0,18.0,5.81
DOC_TRP_10090,Alpha_Trans,2025-01-13 00:00:00.000,1300,58.79,0,31.0,11.38
DOC_TRP_10091,Trans_Express,2025-02-03 00:00:00.000,1000,88.12,0,27.0,7.22
DOC_TRP_10092,Beta_Logistic,2025-11-11 00:00:00.000,400,80.60,0,16.0,21.57
DOC_TRP_10093,Beta_Logistic,2025-01-04 00:00:00.000,3300,87.06,0,68.0,7.69
DOC_TRP_10094,Trans_Express,2025-02-09 00:00:00.000,400,93.79,1,23.0,6.86
DOC_TRP_10095,Beta_Logistic,2025-04-04 00:00:00.000,3300,92.67,0,67.0,18.38
DOC_TRP_10096,Beta_Logistic,2025-11-22 00:00:00.000,1400,91.27,0,36.0,5.05
DOC_TRP_10097,Beta_Logistic,2025-05-22 00:00:00.000,400,83.49,0,16.0,5.93
DOC_TRP_10098,Trans_Express,2025-01-10 00:00:00.000,400,80.85,1,21.0,8.43
DOC_TRP_10099,Alpha_Trans,2025-04-11 00:00:00.000,1000,52.20,0,29.0,32.23
DOC_TRP_10100,Beta_Logistic,2025-11-01 00:00:00.000,400,79.16,0,18.0,7.90
DOC_TRP_10101,Beta_Logistic,2025-02-04 00:00:00.000,1000,78.73,0,26.0,20.41
DOC_TRP_10102,Alpha_Trans,2025-08-01 00:00:00.000,400,60.59,0,17.0,7.97
DOC_TRP_10103,Alpha_Trans,2025-10-23 00:00:00.000,3300,71.48,0,67.0,9.13
DOC_TRP_10104,Trans_Express,2025-11-05 00:00:00.000,3300,90.96,0,67.0,5.19
DOC_TRP_10105,Alpha_Trans,2025-01-15 00:00:00.000,400,50.91,0,19.0,13.27
DOC_TRP_10106,Beta_Logistic,2025-10-16 00:00:00.000,1300,93.88,0,33.0,7.11
DOC_TRP_10107,Alpha_Trans,2025-06-08 00:00:00.000,1300,65.28,0,31.0,7.49
DOC_TRP_10108,Trans_Express,2025-05-10 00:00:00.000,3300,82.95,0,68.0,5.84
DOC_TRP_10109,Beta_Logistic,2025-01-11 00:00:00.000,1400,78.52,0,33.0,8.20
DOC_TRP_10110,Alpha_Trans,2025-05-21 00:00:00.000,1400,59.73,0,35.0,26.56
DOC_TRP_10111,Alpha_Trans,2025-11-20 00:00:00.000,400,42.71,0,19.0,10.74
DOC_TRP_10112,Beta_Logistic,2025-10-23 00:00:00.000,1000,94.29,1,28.0,5.01
DOC_TRP_10113,Alpha_Trans,2025-07-01 00:00:00.000,1000,53.28,1,40.0,8.75
DOC_TRP_10114,Beta_Logistic,2025-11-05 00:00:00.000,1000,87.33,0,26.0,18.14
DOC_TRP_10115,Trans_Express,2025-03-16 00:00:00.000,1400,75.75,0,35.0,8.56
DOC_TRP_10116,Beta_Logistic,2025-09-08 00:00:00.000,3300,83.33,1,67.0,20.00
DOC_TRP_10117,Beta_Logistic,2025-03-04 00:00:00.000,3300,97.10,0,65.0,6.37
DOC_TRP_10118,Beta_Logistic,2025-06-26 00:00:00.000,1300,82.12,0,31.0,7.59
DOC_TRP_10178,Alpha_Trans,2025-02-01 00:00:00.000,3300,56.80,0,66.0,30.40
DOC_TRP_10119,Trans_Express,2025-08-03 00:00:00.000,3300,83.69,0,66.0,5.59
DOC_TRP_10120,Beta_Logistic,2025-05-24 00:00:00.000,3300,85.13,0,67.0,20.12
DOC_TRP_10121,Trans_Express,2025-04-24 00:00:00.000,3300,81.20,0,67.0,20.19
DOC_TRP_10122,Alpha_Trans,2025-06-11 00:00:00.000,1300,54.28,0,34.0,9.17
DOC_TRP_10123,Trans_Express,2025-11-09 00:00:00.000,3300,88.10,0,68.0,5.39
DOC_TRP_10124,Trans_Express,2025-02-20 00:00:00.000,1000,93.55,0,29.0,7.16
DOC_TRP_10125,Beta_Logistic,2025-06-14 00:00:00.000,400,79.78,0,17.0,5.85
DOC_TRP_10126,Trans_Express,2025-05-27 00:00:00.000,400,82.80,1,19.0,19.97
DOC_TRP_10127,Trans_Express,2025-08-22 00:00:00.000,1400,92.80,0,36.0,4.88
DOC_TRP_10128,Trans_Express,2025-08-14 00:00:00.000,400,86.21,1,21.0,7.74
DOC_TRP_10129,Beta_Logistic,2025-08-03 00:00:00.000,1000,80.93,0,26.0,5.88
DOC_TRP_10130,Beta_Logistic,2025-09-03 00:00:00.000,3300,75.42,0,65.0,8.64
DOC_TRP_10131,Beta_Logistic,2025-05-26 00:00:00.000,400,94.07,0,16.0,17.32
DOC_TRP_10132,Beta_Logistic,2025-03-28 00:00:00.000,400,88.81,0,16.0,7.05
DOC_TRP_10133,Alpha_Trans,2025-11-05 00:00:00.000,1400,52.33,0,36.0,31.59
DOC_TRP_10134,Alpha_Trans,2025-11-06 00:00:00.000,3300,69.30,0,67.0,6.57
DOC_TRP_10135,Alpha_Trans,2025-01-11 00:00:00.000,1300,73.39,0,33.0,6.34
DOC_TRP_10136,Beta_Logistic,2025-03-10 00:00:00.000,1000,86.42,0,28.0,5.37
DOC_TRP_10137,Beta_Logistic,2025-12-31 00:00:00.000,3300,91.73,0,65.0,18.66
DOC_TRP_10138,Trans_Express,2025-08-05 00:00:00.000,400,75.05,0,18.0,8.63
DOC_TRP_10139,Trans_Express,2025-04-12 00:00:00.000,1400,96.80,0,35.0,16.51
DOC_TRP_10140,Trans_Express,2025-11-07 00:00:00.000,1000,92.45,0,28.0,7.35
DOC_TRP_10141,Beta_Logistic,2025-07-17 00:00:00.000,1000,90.40,0,28.0,18.71
DOC_TRP_10142,Trans_Express,2025-10-15 00:00:00.000,1400,75.73,1,36.0,21.30
DOC_TRP_10143,Trans_Express,2025-04-27 00:00:00.000,1000,76.26,0,26.0,8.46
DOC_TRP_10144,Beta_Logistic,2025-04-13 00:00:00.000,1000,95.35,0,29.0,4.91
DOC_TRP_10145,Trans_Express,2025-06-20 00:00:00.000,1400,93.19,0,35.0,4.88
DOC_TRP_10146,Alpha_Trans,2025-07-29 00:00:00.000,1000,74.66,0,27.0,9.03
DOC_TRP_10147,Alpha_Trans,2025-09-08 00:00:00.000,400,52.27,0,17.0,12.98
DOC_TRP_10148,Alpha_Trans,2025-11-14 00:00:00.000,400,58.29,0,17.0,8.07
DOC_TRP_10149,Trans_Express,2025-03-06 00:00:00.000,1000,80.33,0,27.0,20.44
DOC_TRP_10150,Alpha_Trans,2025-06-02 00:00:00.000,1000,44.35,0,28.0,13.99
DOC_TRP_10151,Alpha_Trans,2025-07-06 00:00:00.000,1400,74.60,0,35.0,21.80
DOC_TRP_10152,Trans_Express,2025-07-18 00:00:00.000,1300,80.27,0,31.0,21.07
DOC_TRP_10153,Beta_Logistic,2025-08-14 00:00:00.000,1000,97.27,0,28.0,16.60
DOC_TRP_10154,Trans_Express,2025-06-26 00:00:00.000,1000,86.29,0,28.0,7.55
DOC_TRP_10155,Trans_Express,2025-05-25 00:00:00.000,3300,95.58,0,65.0,6.88
DOC_TRP_10156,Trans_Express,2025-12-23 00:00:00.000,1400,76.00,0,35.0,21.69
DOC_TRP_10157,Beta_Logistic,2025-08-14 00:00:00.000,1300,81.47,0,31.0,20.11
DOC_TRP_10158,Alpha_Trans,2025-05-04 00:00:00.000,3300,71.30,0,65.0,9.15
DOC_TRP_10159,Alpha_Trans,2025-03-22 00:00:00.000,1400,63.73,0,34.0,10.29
DOC_TRP_10160,Alpha_Trans,2025-12-13 00:00:00.000,400,70.33,0,18.0,24.59
DOC_TRP_10161,Trans_Express,2025-06-18 00:00:00.000,400,92.27,0,17.0,18.42
DOC_TRP_10162,Trans_Express,2025-01-07 00:00:00.000,400,77.93,1,22.0,22.18
DOC_TRP_10163,Beta_Logistic,2025-12-29 00:00:00.000,400,86.67,0,19.0,5.29
DOC_TRP_10164,Alpha_Trans,2025-10-22 00:00:00.000,1400,53.18,0,33.0,12.01
DOC_TRP_10165,Trans_Express,2025-12-10 00:00:00.000,400,94.32,0,18.0,6.74
DOC_TRP_10166,Alpha_Trans,2025-03-01 00:00:00.000,400,50.53,0,19.0,13.43
DOC_TRP_10167,Beta_Logistic,2025-01-17 00:00:00.000,1300,94.60,0,31.0,17.76
DOC_TRP_10168,Trans_Express,2025-09-27 00:00:00.000,400,93.89,0,19.0,5.11
DOC_TRP_10169,Trans_Express,2025-03-20 00:00:00.000,3300,96.71,0,66.0,6.39
DOC_TRP_10170,Alpha_Trans,2025-04-09 00:00:00.000,400,69.40,0,16.0,6.86
DOC_TRP_10171,Beta_Logistic,2025-06-24 00:00:00.000,1300,91.82,0,31.0,5.06
DOC_TRP_10172,Trans_Express,2025-10-30 00:00:00.000,400,82.37,0,16.0,8.10
DOC_TRP_10173,Alpha_Trans,2025-01-15 00:00:00.000,1400,56.50,0,33.0,8.01
DOC_TRP_10174,Beta_Logistic,2025-01-27 00:00:00.000,1300,92.47,0,31.0,18.69
DOC_TRP_10175,Alpha_Trans,2025-12-15 00:00:00.000,1300,60.94,0,32.0,10.79
DOC_TRP_10176,Alpha_Trans,2025-08-24 00:00:00.000,1300,67.91,0,34.0,9.31
DOC_TRP_10177,Alpha_Trans,2025-03-05 00:00:00.000,400,61.00,0,19.0,26.15
DOC_TRP_10179,Alpha_Trans,2025-03-29 00:00:00.000,1000,64.53,1,38.0,26.01
DOC_TRP_10180,Alpha_Trans,2025-07-21 00:00:00.000,1400,68.85,0,33.0,9.47
DOC_TRP_10181,Beta_Logistic,2025-06-03 00:00:00.000,1400,75.95,0,34.0,6.07
DOC_TRP_10182,Alpha_Trans,2025-11-01 00:00:00.000,3300,58.95,0,65.0,8.38
DOC_TRP_10183,Beta_Logistic,2025-07-23 00:00:00.000,1400,87.59,0,35.0,7.50
DOC_TRP_10184,Trans_Express,2025-11-10 00:00:00.000,1400,91.67,0,36.0,4.94
DOC_TRP_10185,Alpha_Trans,2025-01-12 00:00:00.000,1300,51.73,0,31.0,33.41
DOC_TRP_10186,Trans_Express,2025-08-09 00:00:00.000,400,82.64,0,17.0,5.55
DOC_TRP_10187,Trans_Express,2025-11-08 00:00:00.000,1000,84.62,0,28.0,5.38
DOC_TRP_10188,Trans_Express,2025-07-26 00:00:00.000,1000,84.73,0,28.0,20.39
DOC_TRP_10189,Beta_Logistic,2025-01-04 00:00:00.000,1300,91.68,0,34.0,7.35
DOC_TRP_10190,Trans_Express,2025-08-16 00:00:00.000,1400,81.52,1,38.0,8.21
DOC_TRP_10191,Trans_Express,2025-05-05 00:00:00.000,1300,92.80,0,31.0,17.90
DOC_TRP_10192,Beta_Logistic,2025-04-10 00:00:00.000,1400,85.05,0,33.0,7.65
DOC_TRP_10193,Trans_Express,2025-11-12 00:00:00.000,400,78.76,0,16.0,8.26
DOC_TRP_10194,Beta_Logistic,2025-12-11 00:00:00.000,1000,78.01,0,28.0,6.18
DOC_TRP_10195,Beta_Logistic,2025-10-28 00:00:00.000,3300,90.40,0,68.0,5.22
DOC_TRP_10196,Alpha_Trans,2025-12-27 00:00:00.000,1000,41.28,0,26.0,12.02
DOC_TRP_10197,Alpha_Trans,2025-06-24 00:00:00.000,400,59.53,0,19.0,28.96
DOC_TRP_10198,Beta_Logistic,2025-09-08 00:00:00.000,400,75.90,1,19.0,8.18
DOC_TRP_10199,Beta_Logistic,2025-04-29 00:00:00.000,3300,75.93,0,65.0,22.90
DOC_TRP_10200,Beta_Logistic,2025-10-03 00:00:00.000,400,94.96,0,17.0,4.75
DOC_TRP_10201,Beta_Logistic,2025-08-11 00:00:00.000,3300,96.62,0,68.0,5.00
DOC_TRP_10202,Alpha_Trans,2025-01-08 00:00:00.000,1400,48.93,1,34.0,34.85
DOC_TRP_10203,Trans_Express,2025-07-12 00:00:00.000,1400,94.88,1,36.0,6.52
DOC_TRP_10204,Alpha_Trans,2025-03-17 00:00:00.000,3300,68.93,0,64.0,9.82
DOC_TRP_10205,Alpha_Trans,2025-10-31 00:00:00.000,400,51.13,0,17.0,12.52
DOC_TRP_10206,Alpha_Trans,2025-06-10 00:00:00.000,1000,62.73,0,26.0,27.32
DOC_TRP_10207,Beta_Logistic,2025-04-12 00:00:00.000,1300,85.02,0,32.0,5.76
DOC_TRP_10208,Beta_Logistic,2025-11-27 00:00:00.000,1000,84.11,0,26.0,7.84
DOC_TRP_10209,Alpha_Trans,2025-11-12 00:00:00.000,400,42.53,0,16.0,38.15
DOC_TRP_10210,Beta_Logistic,2025-12-21 00:00:00.000,1400,94.48,0,31.0,6.88
DOC_TRP_10211,Beta_Logistic,2025-04-27 00:00:00.000,400,85.93,0,17.0,19.16
DOC_TRP_10212,Trans_Express,2025-02-12 00:00:00.000,1400,89.89,0,35.0,5.03
DOC_TRP_10213,Trans_Express,2025-05-04 00:00:00.000,1000,77.33,0,26.0,5.87
DOC_TRP_10214,Alpha_Trans,2025-02-21 00:00:00.000,3300,65.07,0,68.0,7.32
DOC_TRP_10215,Beta_Logistic,2025-03-18 00:00:00.000,1300,87.07,0,33.0,19.19
DOC_TRP_10216,Beta_Logistic,2025-03-12 00:00:00.000,1000,93.53,0,29.0,17.38
DOC_TRP_10217,Beta_Logistic,2025-06-21 00:00:00.000,400,80.25,0,18.0,6.19
DOC_TRP_10218,Beta_Logistic,2025-01-09 00:00:00.000,1400,92.93,0,36.0,18.54
DOC_TRP_10219,Trans_Express,2025-02-19 00:00:00.000,3300,84.75,0,67.0,7.91
DOC_TRP_10220,Trans_Express,2025-03-10 00:00:00.000,1000,82.18,0,26.0,7.89
DOC_TRP_10221,Beta_Logistic,2025-06-09 00:00:00.000,3300,97.67,0,65.0,16.88
DOC_TRP_10222,Beta_Logistic,2025-10-18 00:00:00.000,400,97.80,0,16.0,4.83
DOC_TRP_10223,Beta_Logistic,2025-07-07 00:00:00.000,3300,76.97,0,67.0,8.51
DOC_TRP_10224,Trans_Express,2025-12-19 00:00:00.000,1300,76.53,0,33.0,21.39
DOC_TRP_10225,Beta_Logistic,2025-02-18 00:00:00.000,1300,88.60,0,34.0,18.00
DOC_TRP_10226,Alpha_Trans,2025-03-08 00:00:00.000,1300,63.16,0,30.0,10.12
DOC_TRP_10227,Beta_Logistic,2025-07-28 00:00:00.000,3300,97.12,0,68.0,4.87
DOC_TRP_10228,Trans_Express,2025-10-14 00:00:00.000,1000,82.99,0,26.0,7.52
DOC_TRP_10229,Trans_Express,2025-05-16 00:00:00.000,1300,97.82,0,34.0,6.47
DOC_TRP_10230,Alpha_Trans,2025-12-26 00:00:00.000,1300,70.20,0,34.0,24.15
DOC_TRP_10231,Beta_Logistic,2025-09-29 00:00:00.000,1300,82.85,0,34.0,7.50
DOC_TRP_10232,Beta_Logistic,2025-12-27 00:00:00.000,400,81.43,0,16.0,5.68
DOC_TRP_10233,Beta_Logistic,2025-06-03 00:00:00.000,1300,88.03,0,32.0,5.21
DOC_TRP_10234,Trans_Express,2025-09-01 00:00:00.000,1400,95.13,0,34.0,16.85
DOC_TRP_10235,Trans_Express,2025-06-07 00:00:00.000,3300,90.98,0,65.0,6.84
DOC_TRP_10236,Beta_Logistic,2025-07-25 00:00:00.000,1300,96.22,0,31.0,6.97
DOC_TRP_10237,Beta_Logistic,2025-09-27 00:00:00.000,1000,93.97,0,28.0,7.14
DOC_TRP_10298,Alpha_Trans,2025-09-03 00:00:00.000,3300,74.44,0,68.0,6.38
DOC_TRP_10238,Beta_Logistic,2025-05-21 00:00:00.000,400,92.80,0,16.0,17.11
DOC_TRP_10239,Alpha_Trans,2025-05-08 00:00:00.000,1300,62.43,0,32.0,7.61
DOC_TRP_10240,Beta_Logistic,2025-12-15 00:00:00.000,3300,79.41,0,67.0,8.31
DOC_TRP_10241,Beta_Logistic,2025-12-11 00:00:00.000,1400,78.93,0,35.0,6.17
DOC_TRP_10242,Beta_Logistic,2025-05-29 00:00:00.000,1000,89.56,0,29.0,6.97
DOC_TRP_10243,Alpha_Trans,2025-02-09 00:00:00.000,1000,69.68,1,34.0,6.63
DOC_TRP_10244,Trans_Express,2025-06-27 00:00:00.000,400,86.07,0,18.0,7.67
DOC_TRP_10245,Beta_Logistic,2025-08-17 00:00:00.000,400,93.13,0,17.0,17.02
DOC_TRP_10246,Trans_Express,2025-05-29 00:00:00.000,1400,94.18,0,33.0,6.69
DOC_TRP_10247,Beta_Logistic,2025-08-01 00:00:00.000,400,87.60,0,19.0,19.90
DOC_TRP_10248,Trans_Express,2025-07-10 00:00:00.000,400,91.93,0,19.0,18.11
DOC_TRP_10249,Alpha_Trans,2025-08-20 00:00:00.000,3300,71.20,0,66.0,23.16
DOC_TRP_10250,Alpha_Trans,2025-04-15 00:00:00.000,1000,41.33,1,34.0,41.08
DOC_TRP_10251,Trans_Express,2025-08-20 00:00:00.000,400,89.12,0,18.0,5.41
DOC_TRP_10252,Trans_Express,2025-12-09 00:00:00.000,400,75.93,0,16.0,22.47
DOC_TRP_10253,Alpha_Trans,2025-03-28 00:00:00.000,3300,65.80,0,64.0,26.09
DOC_TRP_10254,Trans_Express,2025-11-10 00:00:00.000,1300,84.48,0,33.0,5.87
DOC_TRP_10255,Beta_Logistic,2025-09-18 00:00:00.000,1400,92.69,0,36.0,4.91
DOC_TRP_10256,Trans_Express,2025-11-25 00:00:00.000,1400,76.59,0,36.0,8.07
DOC_TRP_10257,Trans_Express,2025-08-05 00:00:00.000,1400,85.90,0,34.0,7.87
DOC_TRP_10258,Alpha_Trans,2025-09-15 00:00:00.000,400,41.53,0,19.0,11.46
DOC_TRP_10259,Trans_Express,2025-09-30 00:00:00.000,1400,89.07,0,35.0,18.47
DOC_TRP_10260,Beta_Logistic,2025-10-05 00:00:00.000,1300,81.53,0,33.0,20.80
DOC_TRP_10261,Alpha_Trans,2025-02-01 00:00:00.000,1000,66.19,1,35.0,7.00
DOC_TRP_10262,Trans_Express,2025-08-26 00:00:00.000,1300,91.74,0,31.0,7.26
DOC_TRP_10263,Alpha_Trans,2025-09-15 00:00:00.000,400,51.98,0,17.0,8.77
DOC_TRP_10264,Alpha_Trans,2025-10-05 00:00:00.000,3300,43.27,0,67.0,39.46
DOC_TRP_10265,Alpha_Trans,2025-04-18 00:00:00.000,1000,65.43,0,27.0,7.01
DOC_TRP_10266,Beta_Logistic,2025-04-14 00:00:00.000,3300,89.16,0,66.0,7.07
DOC_TRP_10267,Alpha_Trans,2025-03-07 00:00:00.000,1000,41.20,1,41.0,40.67
DOC_TRP_10268,Beta_Logistic,2025-07-28 00:00:00.000,1000,85.80,0,28.0,19.17
DOC_TRP_10269,Beta_Logistic,2025-07-30 00:00:00.000,400,88.64,0,19.0,5.33
DOC_TRP_10270,Beta_Logistic,2025-10-20 00:00:00.000,400,83.92,0,17.0,5.38
DOC_TRP_10271,Alpha_Trans,2025-09-30 00:00:00.000,1300,59.62,0,31.0,11.15
DOC_TRP_10272,Beta_Logistic,2025-09-11 00:00:00.000,1400,89.63,0,36.0,7.33
DOC_TRP_10273,Beta_Logistic,2025-07-30 00:00:00.000,400,85.12,0,18.0,7.79
DOC_TRP_10274,Trans_Express,2025-08-16 00:00:00.000,1000,91.87,0,29.0,17.40
DOC_TRP_10275,Beta_Logistic,2025-11-09 00:00:00.000,1300,79.07,0,32.0,20.39
DOC_TRP_10276,Trans_Express,2025-07-17 00:00:00.000,1300,83.33,0,34.0,5.74
DOC_TRP_10277,Alpha_Trans,2025-02-19 00:00:00.000,3300,72.54,0,66.0,6.24
DOC_TRP_10278,Trans_Express,2025-02-20 00:00:00.000,400,85.61,0,17.0,7.86
DOC_TRP_10279,Beta_Logistic,2025-02-18 00:00:00.000,400,95.73,0,17.0,17.77
DOC_TRP_10280,Beta_Logistic,2025-05-09 00:00:00.000,1000,92.27,0,29.0,17.45
DOC_TRP_10281,Alpha_Trans,2025-06-01 00:00:00.000,1000,48.64,0,27.0,13.07
DOC_TRP_10282,Beta_Logistic,2025-08-08 00:00:00.000,1400,94.62,0,33.0,4.99
DOC_TRP_10283,Beta_Logistic,2025-04-17 00:00:00.000,1300,92.75,0,31.0,7.05
DOC_TRP_10284,Trans_Express,2025-03-11 00:00:00.000,1400,93.12,1,36.0,5.30
DOC_TRP_10285,Alpha_Trans,2025-05-22 00:00:00.000,1000,46.69,1,33.0,14.59
DOC_TRP_10286,Trans_Express,2025-11-01 00:00:00.000,3300,75.47,0,68.0,23.07
DOC_TRP_10287,Trans_Express,2025-04-27 00:00:00.000,1300,97.55,0,32.0,6.39
DOC_TRP_10288,Beta_Logistic,2025-03-02 00:00:00.000,1400,76.88,0,34.0,5.91
DOC_TRP_10289,Alpha_Trans,2025-07-17 00:00:00.000,1400,56.18,0,34.0,11.18
DOC_TRP_10290,Trans_Express,2025-05-05 00:00:00.000,1300,93.08,0,32.0,7.20
DOC_TRP_10291,Beta_Logistic,2025-02-01 00:00:00.000,400,78.72,0,19.0,6.19
DOC_TRP_10292,Alpha_Trans,2025-09-27 00:00:00.000,3300,59.33,0,68.0,28.26
DOC_TRP_10293,Alpha_Trans,2025-09-05 00:00:00.000,3300,53.90,0,66.0,12.06
DOC_TRP_10294,Trans_Express,2025-07-16 00:00:00.000,3300,81.35,0,68.0,7.67
DOC_TRP_10295,Trans_Express,2025-03-13 00:00:00.000,1000,91.01,0,29.0,5.44
DOC_TRP_10296,Trans_Express,2025-09-25 00:00:00.000,1400,86.66,0,35.0,5.41
DOC_TRP_10297,Trans_Express,2025-08-08 00:00:00.000,1000,93.33,0,29.0,18.27
DOC_TRP_10299,Beta_Logistic,2025-01-21 00:00:00.000,400,77.13,0,18.0,8.83
DOC_TRP_10300,Beta_Logistic,2025-07-15 00:00:00.000,1000,94.73,0,26.0,6.57
DOC_TRP_10301,Alpha_Trans,2025-05-14 00:00:00.000,3300,48.90,0,68.0,10.10
DOC_TRP_10302,Beta_Logistic,2025-05-11 00:00:00.000,1300,80.51,0,34.0,7.87
DOC_TRP_10303,Alpha_Trans,2025-06-29 00:00:00.000,1400,61.73,0,34.0,7.66
DOC_TRP_10304,Alpha_Trans,2025-05-30 00:00:00.000,1000,65.88,0,28.0,7.46
DOC_TRP_10305,Trans_Express,2025-03-07 00:00:00.000,3300,76.67,1,73.0,5.99
DOC_TRP_10306,Beta_Logistic,2025-05-08 00:00:00.000,3300,81.93,0,67.0,19.76
DOC_TRP_10307,Beta_Logistic,2025-10-29 00:00:00.000,1300,80.93,0,33.0,21.14
DOC_TRP_10308,Trans_Express,2025-08-13 00:00:00.000,3300,80.21,0,66.0,5.73
DOC_TRP_10309,Trans_Express,2025-11-24 00:00:00.000,3300,84.69,0,67.0,7.91
DOC_TRP_10310,Beta_Logistic,2025-09-27 00:00:00.000,1400,94.00,0,32.0,4.87
DOC_TRP_10311,Alpha_Trans,2025-10-02 00:00:00.000,1000,62.23,0,26.0,7.73
DOC_TRP_10312,Alpha_Trans,2025-04-30 00:00:00.000,400,50.53,0,19.0,32.13
DOC_TRP_10313,Trans_Express,2025-07-22 00:00:00.000,400,95.73,0,17.0,17.06
DOC_TRP_10314,Alpha_Trans,2025-09-21 00:00:00.000,1400,49.93,0,33.0,33.69
DOC_TRP_10315,Trans_Express,2025-09-25 00:00:00.000,3300,94.12,0,67.0,7.15
DOC_TRP_10316,Alpha_Trans,2025-06-21 00:00:00.000,1000,42.20,1,34.0,39.59
DOC_TRP_10317,Trans_Express,2025-03-06 00:00:00.000,400,78.16,0,17.0,5.82
DOC_TRP_10318,Alpha_Trans,2025-05-27 00:00:00.000,1400,62.38,0,35.0,10.53
DOC_TRP_10319,Beta_Logistic,2025-11-07 00:00:00.000,1300,85.87,0,34.0,20.32
DOC_TRP_10320,Trans_Express,2025-12-27 00:00:00.000,1000,85.86,0,26.0,7.25
DOC_TRP_10321,Trans_Express,2025-08-06 00:00:00.000,3300,79.51,0,65.0,8.56
DOC_TRP_10322,Alpha_Trans,2025-10-18 00:00:00.000,400,41.27,0,16.0,40.54
DOC_TRP_10323,Trans_Express,2025-12-19 00:00:00.000,1400,76.00,0,36.0,21.79
DOC_TRP_10324,Alpha_Trans,2025-08-21 00:00:00.000,1000,57.73,0,29.0,29.21
DOC_TRP_10325,Trans_Express,2025-02-10 00:00:00.000,400,84.07,0,16.0,8.11
DOC_TRP_10326,Alpha_Trans,2025-04-18 00:00:00.000,3300,73.40,0,65.0,22.16
DOC_TRP_10327,Alpha_Trans,2025-09-07 00:00:00.000,400,41.42,0,17.0,10.90
DOC_TRP_10328,Beta_Logistic,2025-12-06 00:00:00.000,1400,77.78,0,33.0,8.50
DOC_TRP_10329,Alpha_Trans,2025-03-25 00:00:00.000,1000,62.61,0,26.0,10.20
DOC_TRP_10330,Trans_Express,2025-07-21 00:00:00.000,1400,77.66,0,34.0,6.18
DOC_TRP_10331,Trans_Express,2025-02-08 00:00:00.000,1300,87.28,0,32.0,7.16
DOC_TRP_10332,Alpha_Trans,2025-10-23 00:00:00.000,1400,60.20,0,35.0,27.47
DOC_TRP_10333,Beta_Logistic,2025-12-23 00:00:00.000,400,83.87,0,16.0,19.31
DOC_TRP_10334,Trans_Express,2025-04-17 00:00:00.000,1400,85.27,0,33.0,19.11
DOC_TRP_10335,Trans_Express,2025-12-20 00:00:00.000,3300,75.28,1,72.0,6.47
DOC_TRP_10336,Alpha_Trans,2025-11-09 00:00:00.000,1300,41.57,0,34.0,11.44
DOC_TRP_10337,Trans_Express,2025-11-17 00:00:00.000,1000,82.83,0,29.0,5.46
DOC_TRP_10338,Alpha_Trans,2025-05-06 00:00:00.000,3300,60.27,0,65.0,28.14
DOC_TRP_10339,Alpha_Trans,2025-11-17 00:00:00.000,1300,44.73,0,32.0,39.02
DOC_TRP_10340,Beta_Logistic,2025-06-03 00:00:00.000,3300,82.20,0,67.0,8.24
DOC_TRP_10341,Beta_Logistic,2025-05-05 00:00:00.000,400,82.22,1,17.0,8.22
DOC_TRP_10342,Beta_Logistic,2025-03-28 00:00:00.000,1300,83.93,0,30.0,20.82
DOC_TRP_10343,Alpha_Trans,2025-04-19 00:00:00.000,1300,48.60,0,31.0,34.22
DOC_TRP_10344,Trans_Express,2025-12-09 00:00:00.000,3300,86.67,0,65.0,7.74
DOC_TRP_10345,Trans_Express,2025-01-21 00:00:00.000,1300,97.99,0,31.0,4.87
DOC_TRP_10346,Trans_Express,2025-04-21 00:00:00.000,1400,82.49,0,35.0,5.92
DOC_TRP_10347,Trans_Express,2025-06-01 00:00:00.000,1400,91.33,1,41.0,18.67
DOC_TRP_10348,Alpha_Trans,2025-05-27 00:00:00.000,3300,66.10,0,65.0,10.05
DOC_TRP_10349,Alpha_Trans,2025-01-05 00:00:00.000,1000,57.95,1,32.0,10.69
DOC_TRP_10350,Beta_Logistic,2025-04-18 00:00:00.000,1300,92.52,0,34.0,5.03
DOC_TRP_10351,Trans_Express,2025-07-22 00:00:00.000,1000,85.19,0,26.0,7.80
DOC_TRP_10352,Trans_Express,2025-06-24 00:00:00.000,1300,75.07,0,33.0,22.15
DOC_TRP_10353,Alpha_Trans,2025-12-03 00:00:00.000,1000,61.93,0,28.0,7.53
DOC_TRP_10354,Beta_Logistic,2025-10-14 00:00:00.000,1400,81.87,0,35.0,19.40
DOC_TRP_10355,Alpha_Trans,2025-07-23 00:00:00.000,1400,63.69,0,32.0,7.24
DOC_TRP_10356,Alpha_Trans,2025-04-23 00:00:00.000,3300,72.73,0,67.0,23.22
DOC_TRP_10357,Trans_Express,2025-07-07 00:00:00.000,1000,86.20,0,27.0,20.00
DOC_TRP_10418,Trans_Express,2025-03-04 00:00:00.000,1000,78.73,0,26.0,22.11
DOC_TRP_10358,Trans_Express,2025-09-17 00:00:00.000,3300,75.14,0,65.0,6.41
DOC_TRP_10359,Beta_Logistic,2025-03-24 00:00:00.000,3300,91.26,0,67.0,6.82
DOC_TRP_10360,Beta_Logistic,2025-07-07 00:00:00.000,1400,84.23,0,35.0,7.64
DOC_TRP_10361,Beta_Logistic,2025-08-03 00:00:00.000,3300,80.00,0,67.0,21.01
DOC_TRP_10362,Trans_Express,2025-09-26 00:00:00.000,400,91.53,0,16.0,18.06
DOC_TRP_10363,Beta_Logistic,2025-02-01 00:00:00.000,1400,91.42,0,36.0,6.81
DOC_TRP_10364,Alpha_Trans,2025-02-22 00:00:00.000,1300,49.95,0,32.0,9.77
DOC_TRP_10365,Trans_Express,2025-12-04 00:00:00.000,1400,79.35,0,33.0,5.85
DOC_TRP_10366,Beta_Logistic,2025-12-15 00:00:00.000,1400,82.82,0,35.0,8.01
DOC_TRP_10367,Trans_Express,2025-11-16 00:00:00.000,400,82.20,1,20.0,19.99
DOC_TRP_10368,Trans_Express,2025-04-10 00:00:00.000,1400,97.17,0,33.0,4.86
DOC_TRP_10369,Alpha_Trans,2025-07-05 00:00:00.000,1400,48.87,0,33.0,35.57
DOC_TRP_10370,Alpha_Trans,2025-08-23 00:00:00.000,400,73.00,0,18.0,22.32
DOC_TRP_10371,Trans_Express,2025-07-20 00:00:00.000,400,97.01,0,17.0,4.97
DOC_TRP_10372,Trans_Express,2025-01-28 00:00:00.000,1000,75.07,0,29.0,6.08
DOC_TRP_10373,Alpha_Trans,2025-01-13 00:00:00.000,1400,56.47,0,34.0,29.27
DOC_TRP_10374,Trans_Express,2025-04-10 00:00:00.000,400,77.87,1,21.0,20.41
DOC_TRP_10375,Beta_Logistic,2025-01-03 00:00:00.000,1300,81.60,0,32.0,20.80
DOC_TRP_10376,Alpha_Trans,2025-08-15 00:00:00.000,400,69.20,0,17.0,23.15
DOC_TRP_10377,Alpha_Trans,2025-02-15 00:00:00.000,400,54.47,0,17.0,11.74
DOC_TRP_10378,Beta_Logistic,2025-04-21 00:00:00.000,1000,90.53,0,29.0,18.34
DOC_TRP_10379,Trans_Express,2025-12-06 00:00:00.000,1300,75.33,0,32.0,22.17
DOC_TRP_10380,Beta_Logistic,2025-07-06 00:00:00.000,1000,91.93,0,29.0,17.70
DOC_TRP_10381,Alpha_Trans,2025-01-07 00:00:00.000,1300,59.19,0,34.0,11.06
DOC_TRP_10382,Alpha_Trans,2025-08-16 00:00:00.000,3300,47.25,0,67.0,10.39
DOC_TRP_10383,Trans_Express,2025-02-28 00:00:00.000,1300,92.13,0,32.0,17.60
DOC_TRP_10384,Beta_Logistic,2025-08-06 00:00:00.000,1300,97.13,0,34.0,16.71
DOC_TRP_10385,Alpha_Trans,2025-01-28 00:00:00.000,1000,69.65,1,42.0,6.97
DOC_TRP_10386,Trans_Express,2025-10-28 00:00:00.000,3300,90.47,0,68.0,19.00
DOC_TRP_10387,Trans_Express,2025-11-17 00:00:00.000,1000,91.27,1,31.0,6.97
DOC_TRP_10388,Alpha_Trans,2025-08-30 00:00:00.000,1400,44.69,0,36.0,13.83
DOC_TRP_10389,Beta_Logistic,2025-08-14 00:00:00.000,400,79.13,0,17.0,22.03
DOC_TRP_10390,Beta_Logistic,2025-08-11 00:00:00.000,3300,94.40,0,68.0,6.85
DOC_TRP_10391,Alpha_Trans,2025-08-28 00:00:00.000,3300,46.89,0,68.0,14.35
DOC_TRP_10392,Trans_Express,2025-12-21 00:00:00.000,1300,96.14,0,34.0,6.78
DOC_TRP_10393,Beta_Logistic,2025-11-07 00:00:00.000,1400,96.70,1,36.0,6.51
DOC_TRP_10394,Alpha_Trans,2025-04-17 00:00:00.000,3300,67.05,0,68.0,10.15
DOC_TRP_10395,Trans_Express,2025-04-04 00:00:00.000,1000,94.67,0,29.0,5.16
DOC_TRP_10396,Alpha_Trans,2025-02-13 00:00:00.000,1000,41.61,1,43.0,16.07
DOC_TRP_10397,Beta_Logistic,2025-06-19 00:00:00.000,1300,84.26,0,33.0,5.77
DOC_TRP_10398,Alpha_Trans,2025-12-30 00:00:00.000,400,57.31,0,16.0,11.80
DOC_TRP_10399,Trans_Express,2025-03-30 00:00:00.000,400,76.27,0,19.0,22.15
DOC_TRP_10400,Beta_Logistic,2025-12-25 00:00:00.000,3300,88.19,0,65.0,7.46
DOC_TRP_10401,Alpha_Trans,2025-03-23 00:00:00.000,1300,40.96,1,33.0,16.51
DOC_TRP_10402,Alpha_Trans,2025-11-11 00:00:00.000,3300,63.73,0,65.0,25.44
DOC_TRP_10403,Alpha_Trans,2025-08-09 00:00:00.000,1300,69.39,0,31.0,6.89
DOC_TRP_10404,Trans_Express,2025-04-19 00:00:00.000,1300,92.55,0,32.0,5.34
DOC_TRP_10405,Trans_Express,2025-10-06 00:00:00.000,1400,82.62,0,33.0,7.63
DOC_TRP_10406,Beta_Logistic,2025-04-13 00:00:00.000,1300,84.40,0,32.0,19.48
DOC_TRP_10407,Trans_Express,2025-10-07 00:00:00.000,3300,93.93,0,65.0,18.15
DOC_TRP_10408,Alpha_Trans,2025-10-17 00:00:00.000,1000,53.71,1,40.0,8.44
DOC_TRP_10409,Alpha_Trans,2025-06-30 00:00:00.000,1000,74.00,0,27.0,22.33
DOC_TRP_10410,Alpha_Trans,2025-04-13 00:00:00.000,400,47.85,0,17.0,10.31
DOC_TRP_10411,Alpha_Trans,2025-08-27 00:00:00.000,1000,68.53,1,36.0,24.13
DOC_TRP_10412,Beta_Logistic,2025-07-25 00:00:00.000,1000,78.44,0,29.0,6.36
DOC_TRP_10413,Trans_Express,2025-09-29 00:00:00.000,3300,86.90,0,68.0,5.60
DOC_TRP_10414,Beta_Logistic,2025-05-19 00:00:00.000,1400,77.93,0,36.0,21.09
DOC_TRP_10415,Alpha_Trans,2025-12-23 00:00:00.000,1000,68.96,1,34.0,6.89
DOC_TRP_10416,Beta_Logistic,2025-04-14 00:00:00.000,3300,81.27,0,66.0,19.73
DOC_TRP_10417,Alpha_Trans,2025-09-08 00:00:00.000,1000,69.93,1,35.0,23.46
DOC_TRP_10419,Beta_Logistic,2025-02-01 00:00:00.000,1300,91.13,0,34.0,17.42
DOC_TRP_10420,Alpha_Trans,2025-09-27 00:00:00.000,1400,59.13,0,35.0,7.82
DOC_TRP_10421,Alpha_Trans,2025-06-17 00:00:00.000,3300,65.00,1,69.0,25.15
DOC_TRP_10422,Trans_Express,2025-05-27 00:00:00.000,1300,81.67,0,34.0,6.03
DOC_TRP_10423,Alpha_Trans,2025-01-22 00:00:00.000,3300,74.33,0,66.0,21.46
DOC_TRP_10424,Alpha_Trans,2025-06-28 00:00:00.000,1400,54.40,0,33.0,29.17
DOC_TRP_10425,Alpha_Trans,2025-04-07 00:00:00.000,400,42.93,0,19.0,15.30
DOC_TRP_10426,Trans_Express,2025-01-19 00:00:00.000,400,93.05,1,23.0,6.78
DOC_TRP_10427,Beta_Logistic,2025-03-20 00:00:00.000,3300,96.00,0,63.0,16.67
DOC_TRP_10428,Beta_Logistic,2025-08-06 00:00:00.000,400,87.73,1,18.0,18.24
DOC_TRP_10429,Alpha_Trans,2025-03-23 00:00:00.000,1400,58.07,0,36.0,28.26
DOC_TRP_10430,Beta_Logistic,2025-10-18 00:00:00.000,1400,96.88,0,35.0,7.02
DOC_TRP_10431,Trans_Express,2025-02-10 00:00:00.000,1300,97.20,0,32.0,4.96
DOC_TRP_10432,Beta_Logistic,2025-07-26 00:00:00.000,3300,80.73,0,68.0,21.07
DOC_TRP_10433,Alpha_Trans,2025-09-15 00:00:00.000,400,65.78,1,18.0,6.94
DOC_TRP_10434,Trans_Express,2025-02-17 00:00:00.000,400,89.43,0,17.0,7.36
DOC_TRP_10435,Trans_Express,2025-10-28 00:00:00.000,1300,91.67,0,33.0,18.26
DOC_TRP_10436,Beta_Logistic,2025-02-15 00:00:00.000,1400,77.13,0,34.0,8.09
DOC_TRP_10437,Trans_Express,2025-12-07 00:00:00.000,1000,97.91,0,28.0,5.01
DOC_TRP_10438,Trans_Express,2025-12-14 00:00:00.000,1000,90.00,0,27.0,18.83
DOC_TRP_10439,Trans_Express,2025-09-02 00:00:00.000,1300,95.96,0,32.0,4.88
DOC_TRP_10440,Beta_Logistic,2025-07-22 00:00:00.000,400,83.56,0,16.0,5.52
DOC_TRP_10441,Beta_Logistic,2025-05-18 00:00:00.000,1400,84.14,0,35.0,5.83
DOC_TRP_10442,Trans_Express,2025-12-24 00:00:00.000,1000,96.18,0,28.0,4.95
DOC_TRP_10443,Trans_Express,2025-04-17 00:00:00.000,1000,75.80,1,29.0,22.79
DOC_TRP_10444,Beta_Logistic,2025-07-06 00:00:00.000,400,86.47,0,18.0,19.99
DOC_TRP_10445,Trans_Express,2025-04-24 00:00:00.000,1300,93.00,0,32.0,18.43
DOC_TRP_10446,Alpha_Trans,2025-07-05 00:00:00.000,1000,47.35,0,26.0,13.73
DOC_TRP_10447,Beta_Logistic,2025-05-09 00:00:00.000,3300,76.62,0,65.0,8.62
DOC_TRP_10448,Alpha_Trans,2025-07-21 00:00:00.000,1300,68.20,0,31.0,9.89
DOC_TRP_10449,Trans_Express,2025-05-09 00:00:00.000,1300,94.05,0,31.0,6.94
DOC_TRP_10450,Trans_Express,2025-06-02 00:00:00.000,400,83.15,0,19.0,8.14
DOC_TRP_10451,Trans_Express,2025-12-28 00:00:00.000,1400,94.00,0,33.0,17.41
DOC_TRP_10452,Beta_Logistic,2025-02-08 00:00:00.000,1000,92.20,0,26.0,18.40
DOC_TRP_10453,Alpha_Trans,2025-11-09 00:00:00.000,1000,44.11,0,26.0,10.96
DOC_TRP_10454,Beta_Logistic,2025-09-04 00:00:00.000,400,84.47,0,17.0,20.19
DOC_TRP_10455,Trans_Express,2025-05-02 00:00:00.000,1400,80.64,0,33.0,5.73
DOC_TRP_10456,Beta_Logistic,2025-09-04 00:00:00.000,3300,84.56,0,68.0,5.76
DOC_TRP_10457,Beta_Logistic,2025-01-19 00:00:00.000,3300,87.57,0,65.0,5.56
DOC_TRP_10458,Alpha_Trans,2025-04-03 00:00:00.000,400,44.00,0,16.0,36.43
DOC_TRP_10459,Trans_Express,2025-10-09 00:00:00.000,1000,89.06,0,28.0,5.48
DOC_TRP_10460,Trans_Express,2025-06-20 00:00:00.000,1000,91.40,0,26.0,18.07
DOC_TRP_10461,Beta_Logistic,2025-05-24 00:00:00.000,1000,94.33,0,26.0,17.73
DOC_TRP_10462,Beta_Logistic,2025-12-30 00:00:00.000,3300,84.27,0,65.0,19.84
DOC_TRP_10463,Trans_Express,2025-09-28 00:00:00.000,3300,81.40,0,65.0,20.29
DOC_TRP_10464,Trans_Express,2025-07-13 00:00:00.000,1300,97.53,0,33.0,17.50
DOC_TRP_10465,Alpha_Trans,2025-03-23 00:00:00.000,1400,51.20,0,36.0,34.14
DOC_TRP_10466,Beta_Logistic,2025-12-05 00:00:00.000,3300,91.62,0,67.0,7.00
DOC_TRP_10467,Trans_Express,2025-05-02 00:00:00.000,3300,75.12,0,66.0,8.41
DOC_TRP_10468,Alpha_Trans,2025-05-04 00:00:00.000,1400,67.37,0,36.0,6.73
DOC_TRP_10469,Alpha_Trans,2025-11-14 00:00:00.000,1400,45.95,0,36.0,10.52
DOC_TRP_10470,Beta_Logistic,2025-09-22 00:00:00.000,1300,92.80,0,34.0,17.35
DOC_TRP_10471,Beta_Logistic,2025-09-02 00:00:00.000,1400,88.73,0,34.0,19.19
DOC_TRP_10472,Beta_Logistic,2025-04-04 00:00:00.000,1300,83.80,0,31.0,5.49
DOC_TRP_10473,Beta_Logistic,2025-12-12 00:00:00.000,1400,96.53,0,34.0,16.87
DOC_TRP_10474,Alpha_Trans,2025-08-10 00:00:00.000,400,47.65,0,19.0,13.33
DOC_TRP_10475,Trans_Express,2025-12-22 00:00:00.000,1400,79.27,0,36.0,21.69
DOC_TRP_10476,Alpha_Trans,2025-12-06 00:00:00.000,1400,41.13,0,33.0,40.24
DOC_TRP_10477,Trans_Express,2025-04-06 00:00:00.000,3300,84.80,0,66.0,19.91
DOC_TRP_10478,Trans_Express,2025-07-06 00:00:00.000,400,88.20,0,17.0,19.51
DOC_TRP_10479,Trans_Express,2025-09-13 00:00:00.000,3300,97.93,1,70.0,17.44
DOC_TRP_10480,Alpha_Trans,2025-06-12 00:00:00.000,400,54.20,0,18.0,32.17
DOC_TRP_10481,Trans_Express,2025-10-31 00:00:00.000,400,92.53,0,17.0,6.68
DOC_TRP_10482,Beta_Logistic,2025-07-02 00:00:00.000,3300,83.98,0,65.0,5.90
DOC_TRP_10483,Alpha_Trans,2025-03-09 00:00:00.000,400,60.26,0,17.0,8.07
DOC_TRP_10484,Trans_Express,2025-02-17 00:00:00.000,3300,79.87,0,67.0,6.20
DOC_TRP_10485,Beta_Logistic,2025-02-20 00:00:00.000,400,96.83,0,19.0,6.92
DOC_TRP_10486,Trans_Express,2025-07-08 00:00:00.000,1400,89.53,1,40.0,5.50
DOC_TRP_10487,Trans_Express,2025-12-09 00:00:00.000,1000,92.20,0,27.0,5.40
DOC_TRP_10488,Alpha_Trans,2025-11-23 00:00:00.000,1300,69.31,0,32.0,6.65
DOC_TRP_10489,Beta_Logistic,2025-05-22 00:00:00.000,1400,90.73,0,35.0,18.57
DOC_TRP_10490,Beta_Logistic,2025-06-15 00:00:00.000,3300,89.77,0,66.0,7.52
DOC_TRP_10491,Trans_Express,2025-01-26 00:00:00.000,3300,96.06,0,65.0,6.90
DOC_TRP_10492,Trans_Express,2025-12-06 00:00:00.000,1300,95.38,1,38.0,6.92
DOC_TRP_10493,Trans_Express,2025-06-04 00:00:00.000,400,90.90,0,18.0,5.03
DOC_TRP_10494,Trans_Express,2025-08-11 00:00:00.000,1000,85.01,0,27.0,5.74
DOC_TRP_10495,Alpha_Trans,2025-09-25 00:00:00.000,1000,47.37,0,28.0,14.32
DOC_TRP_10496,Beta_Logistic,2025-10-17 00:00:00.000,3300,87.18,0,68.0,7.79
DOC_TRP_10497,Trans_Express,2025-10-20 00:00:00.000,1000,77.98,0,29.0,5.99
DOC_TRP_10498,Alpha_Trans,2025-02-08 00:00:00.000,1300,71.40,0,34.0,22.88
DOC_TRP_10499,Trans_Express,2025-12-04 00:00:00.000,1400,86.01,0,34.0,5.64
DOC_TRP_10500,Beta_Logistic,2025-09-23 00:00:00.000,3300,76.31,0,67.0,5.96
DOC_TRP_10501,Alpha_Trans,2025-07-03 00:00:00.000,1400,67.19,0,36.0,9.89
DOC_TRP_10502,Alpha_Trans,2025-04-16 00:00:00.000,400,56.47,0,17.0,30.81
DOC_TRP_10503,Beta_Logistic,2025-07-20 00:00:00.000,1300,77.83,0,31.0,6.20
DOC_TRP_10504,Trans_Express,2025-10-22 00:00:00.000,1300,93.80,1,36.0,17.79
DOC_TRP_10505,Beta_Logistic,2025-03-18 00:00:00.000,1000,83.55,0,29.0,7.89
DOC_TRP_10506,Beta_Logistic,2025-06-09 00:00:00.000,3300,80.03,0,68.0,5.98
DOC_TRP_10507,Beta_Logistic,2025-08-25 00:00:00.000,1400,80.80,0,35.0,20.79
DOC_TRP_10508,Alpha_Trans,2025-09-13 00:00:00.000,3300,63.55,0,67.0,7.73
DOC_TRP_10509,Beta_Logistic,2025-10-14 00:00:00.000,400,88.81,0,19.0,5.40
DOC_TRP_10510,Alpha_Trans,2025-10-03 00:00:00.000,1300,43.27,0,31.0,37.18
DOC_TRP_10511,Trans_Express,2025-02-27 00:00:00.000,1400,93.07,1,41.0,18.70
DOC_TRP_10512,Alpha_Trans,2025-09-26 00:00:00.000,400,57.93,0,18.0,29.35
DOC_TRP_10513,Beta_Logistic,2025-10-13 00:00:00.000,400,92.53,0,17.0,18.39
DOC_TRP_10514,Trans_Express,2025-04-22 00:00:00.000,1000,76.16,0,27.0,6.49
DOC_TRP_10515,Alpha_Trans,2025-06-29 00:00:00.000,1000,47.53,1,33.0,36.25
DOC_TRP_10516,Alpha_Trans,2025-10-15 00:00:00.000,1300,53.27,0,31.0,30.07
DOC_TRP_10517,Beta_Logistic,2025-08-20 00:00:00.000,1400,87.80,0,35.0,5.55
DOC_TRP_10518,Trans_Express,2025-08-01 00:00:00.000,400,84.91,0,17.0,7.55
DOC_TRP_10519,Alpha_Trans,2025-07-19 00:00:00.000,1000,50.28,0,29.0,9.37
DOC_TRP_10520,Trans_Express,2025-04-14 00:00:00.000,3300,94.51,0,67.0,5.08
DOC_TRP_10521,Trans_Express,2025-04-29 00:00:00.000,400,75.23,1,23.0,8.45
DOC_TRP_10522,Alpha_Trans,2025-10-15 00:00:00.000,1000,44.98,0,28.0,10.49
DOC_TRP_10523,Alpha_Trans,2025-07-03 00:00:00.000,3300,46.50,0,65.0,13.76
DOC_TRP_10524,Beta_Logistic,2025-07-27 00:00:00.000,1400,82.85,0,36.0,5.50
DOC_TRP_10525,Trans_Express,2025-08-25 00:00:00.000,1000,95.80,0,29.0,6.57
DOC_TRP_10526,Trans_Express,2025-12-26 00:00:00.000,1400,93.04,1,38.0,5.00
DOC_TRP_10527,Alpha_Trans,2025-06-12 00:00:00.000,1300,52.47,0,33.0,30.97
DOC_TRP_10528,Trans_Express,2025-05-20 00:00:00.000,1300,96.63,0,32.0,4.72
DOC_TRP_10529,Alpha_Trans,2025-05-29 00:00:00.000,1000,63.87,0,26.0,9.84
DOC_TRP_10530,Trans_Express,2025-09-07 00:00:00.000,1300,83.16,0,34.0,7.92
DOC_TRP_10531,Trans_Express,2025-12-29 00:00:00.000,1300,88.03,1,34.0,5.48
DOC_TRP_10532,Beta_Logistic,2025-05-31 00:00:00.000,3300,77.40,0,65.0,8.25
DOC_TRP_10533,Trans_Express,2025-08-25 00:00:00.000,400,76.53,0,16.0,20.95
DOC_TRP_10534,Alpha_Trans,2025-08-28 00:00:00.000,1400,46.04,0,36.0,10.48
DOC_TRP_10535,Beta_Logistic,2025-08-08 00:00:00.000,1400,78.27,0,34.0,20.30
DOC_TRP_10536,Alpha_Trans,2025-01-31 00:00:00.000,1300,48.80,0,34.0,34.01
DOC_TRP_10537,Beta_Logistic,2025-07-10 00:00:00.000,1400,83.33,0,33.0,8.05
DOC_TRP_10538,Alpha_Trans,2025-06-24 00:00:00.000,1000,56.87,0,26.0,11.10
DOC_TRP_10539,Beta_Logistic,2025-09-19 00:00:00.000,3300,85.55,0,65.0,7.51
DOC_TRP_10540,Beta_Logistic,2025-09-02 00:00:00.000,3300,96.53,0,65.0,18.01
DOC_TRP_10541,Beta_Logistic,2025-01-20 00:00:00.000,3300,80.50,0,65.0,7.94
DOC_TRP_10542,Trans_Express,2025-01-19 00:00:00.000,3300,84.27,0,67.0,5.40
DOC_TRP_10543,Alpha_Trans,2025-02-13 00:00:00.000,400,66.20,0,17.0,26.18
DOC_TRP_10544,Trans_Express,2025-11-10 00:00:00.000,400,95.87,0,19.0,4.85
DOC_TRP_10545,Alpha_Trans,2025-12-12 00:00:00.000,1300,50.95,0,32.0,12.83
DOC_TRP_10546,Trans_Express,2025-09-21 00:00:00.000,1300,92.31,0,31.0,5.22
DOC_TRP_10547,Alpha_Trans,2025-05-26 00:00:00.000,1400,45.07,0,36.0,36.72
DOC_TRP_10548,Alpha_Trans,2025-12-16 00:00:00.000,1400,56.94,0,33.0,10.97
DOC_TRP_10549,Alpha_Trans,2025-04-06 00:00:00.000,1000,49.51,0,29.0,13.22
DOC_TRP_10550,Alpha_Trans,2025-05-19 00:00:00.000,3300,63.49,0,65.0,7.40
DOC_TRP_10551,Beta_Logistic,2025-10-18 00:00:00.000,1000,88.88,0,28.0,5.22
DOC_TRP_10552,Beta_Logistic,2025-03-28 00:00:00.000,1000,80.07,0,26.0,20.41
DOC_TRP_10553,Trans_Express,2025-02-16 00:00:00.000,1300,85.17,0,32.0,7.84
DOC_TRP_10554,Alpha_Trans,2025-03-15 00:00:00.000,1400,45.58,0,35.0,14.11
DOC_TRP_10555,Beta_Logistic,2025-02-17 00:00:00.000,1400,82.01,1,34.0,5.64
DOC_TRP_10556,Alpha_Trans,2025-07-28 00:00:00.000,1400,40.33,0,35.0,16.80
DOC_TRP_10557,Beta_Logistic,2025-07-06 00:00:00.000,1400,84.13,0,35.0,20.38
DOC_TRP_10558,Beta_Logistic,2025-09-03 00:00:00.000,1400,94.14,0,35.0,5.06
DOC_TRP_10559,Alpha_Trans,2025-01-17 00:00:00.000,400,51.80,0,17.0,30.85
DOC_TRP_10560,Beta_Logistic,2025-03-17 00:00:00.000,400,92.46,0,17.0,4.99
DOC_TRP_10561,Trans_Express,2025-10-12 00:00:00.000,3300,93.52,0,67.0,5.09
DOC_TRP_10562,Alpha_Trans,2025-01-27 00:00:00.000,1300,63.73,0,34.0,25.54
DOC_TRP_10563,Trans_Express,2025-12-22 00:00:00.000,400,82.93,1,21.0,5.90
DOC_TRP_10564,Trans_Express,2025-06-29 00:00:00.000,1300,90.40,0,33.0,17.94
DOC_TRP_10565,Beta_Logistic,2025-05-28 00:00:00.000,1000,90.43,0,28.0,6.86
DOC_TRP_10566,Alpha_Trans,2025-10-27 00:00:00.000,1400,67.78,0,35.0,9.54
DOC_TRP_10567,Alpha_Trans,2025-06-12 00:00:00.000,1000,55.20,1,37.0,30.61
DOC_TRP_10568,Beta_Logistic,2025-05-18 00:00:00.000,1400,81.40,0,36.0,20.48
DOC_TRP_10569,Trans_Express,2025-12-07 00:00:00.000,1300,86.32,0,34.0,7.55
DOC_TRP_10570,Alpha_Trans,2025-11-17 00:00:00.000,1300,44.40,0,32.0,15.07
DOC_TRP_10571,Trans_Express,2025-10-23 00:00:00.000,1400,88.67,0,36.0,5.54
DOC_TRP_10572,Beta_Logistic,2025-11-01 00:00:00.000,1400,85.67,0,36.0,7.49
DOC_TRP_10573,Alpha_Trans,2025-10-25 00:00:00.000,1000,47.40,1,37.0,35.70
DOC_TRP_10574,Beta_Logistic,2025-07-04 00:00:00.000,1300,88.67,0,34.0,5.15
DOC_TRP_10575,Beta_Logistic,2025-01-12 00:00:00.000,1000,86.07,0,26.0,19.60
DOC_TRP_10576,Trans_Express,2025-03-07 00:00:00.000,1000,76.15,1,30.0,8.36
DOC_TRP_10577,Alpha_Trans,2025-01-12 00:00:00.000,400,51.93,0,17.0,9.15
DOC_TRP_10578,Beta_Logistic,2025-05-08 00:00:00.000,1400,93.22,1,37.0,7.12
DOC_TRP_10579,Beta_Logistic,2025-06-13 00:00:00.000,1300,80.01,0,34.0,7.96
DOC_TRP_10580,Beta_Logistic,2025-05-29 00:00:00.000,3300,90.30,0,66.0,5.01
DOC_TRP_10581,Trans_Express,2025-05-22 00:00:00.000,400,96.12,1,21.0,6.52
DOC_TRP_10582,Alpha_Trans,2025-04-08 00:00:00.000,400,71.19,0,19.0,6.61
DOC_TRP_10583,Alpha_Trans,2025-09-02 00:00:00.000,3300,59.80,1,67.0,7.66
DOC_TRP_10584,Beta_Logistic,2025-07-20 00:00:00.000,400,83.94,0,17.0,5.69
DOC_TRP_10585,Trans_Express,2025-03-30 00:00:00.000,1000,77.02,0,27.0,6.37
DOC_TRP_10586,Beta_Logistic,2025-01-16 00:00:00.000,3300,84.26,0,66.0,5.81
DOC_TRP_10587,Trans_Express,2025-12-06 00:00:00.000,400,90.93,0,18.0,18.57
DOC_TRP_10588,Alpha_Trans,2025-04-19 00:00:00.000,1300,61.67,0,32.0,7.99
DOC_TRP_10589,Alpha_Trans,2025-05-21 00:00:00.000,400,48.13,0,18.0,13.24
DOC_TRP_10590,Beta_Logistic,2025-07-19 00:00:00.000,1400,76.98,0,35.0,6.16
DOC_TRP_10591,Trans_Express,2025-07-30 00:00:00.000,3300,96.45,0,67.0,4.71
DOC_TRP_10592,Trans_Express,2025-04-08 00:00:00.000,3300,95.65,0,66.0,6.63
DOC_TRP_10593,Beta_Logistic,2025-08-20 00:00:00.000,3300,91.11,1,68.0,5.14
DOC_TRP_10594,Trans_Express,2025-12-24 00:00:00.000,1300,76.31,0,32.0,6.48
DOC_TRP_10595,Beta_Logistic,2025-03-30 00:00:00.000,400,92.39,0,17.0,6.92
DOC_TRP_10596,Beta_Logistic,2025-05-02 00:00:00.000,3300,97.27,0,67.0,16.71
DOC_TRP_10597,Beta_Logistic,2025-01-26 00:00:00.000,1000,97.93,0,29.0,16.74
DOC_TRP_10598,Alpha_Trans,2025-07-27 00:00:00.000,1300,53.53,0,34.0,29.93
DOC_TRP_10599,Beta_Logistic,2025-02-16 00:00:00.000,400,89.92,0,15.0,6.91
DOC_TRP_10600,Alpha_Trans,2025-07-29 00:00:00.000,1000,51.83,0,28.0,12.51
DOC_TRP_10601,Alpha_Trans,2025-01-01 00:00:00.000,1300,47.52,0,34.0,13.05
DOC_TRP_10602,Alpha_Trans,2025-03-12 00:00:00.000,1400,58.53,0,33.0,28.69
DOC_TRP_10603,Beta_Logistic,2025-10-26 00:00:00.000,3300,78.47,0,68.0,21.02
DOC_TRP_10604,Alpha_Trans,2025-07-06 00:00:00.000,1300,57.53,0,32.0,29.04
DOC_TRP_10605,Beta_Logistic,2025-01-30 00:00:00.000,3300,90.60,0,66.0,7.07
DOC_TRP_10606,Alpha_Trans,2025-12-12 00:00:00.000,1400,60.32,0,36.0,11.02
DOC_TRP_10607,Beta_Logistic,2025-12-23 00:00:00.000,1000,95.07,0,29.0,16.92
DOC_TRP_10608,Alpha_Trans,2025-11-28 00:00:00.000,400,53.33,0,18.0,8.58
DOC_TRP_10609,Trans_Express,2025-10-01 00:00:00.000,3300,94.21,1,68.0,5.02
DOC_TRP_10610,Trans_Express,2025-04-05 00:00:00.000,1400,87.76,0,33.0,5.46
DOC_TRP_10611,Alpha_Trans,2025-06-21 00:00:00.000,1400,58.94,0,34.0,8.14
DOC_TRP_10612,Trans_Express,2025-08-12 00:00:00.000,1300,93.97,1,34.0,5.04
DOC_TRP_10613,Alpha_Trans,2025-07-16 00:00:00.000,1400,55.46,0,35.0,8.33
DOC_TRP_10614,Alpha_Trans,2025-12-05 00:00:00.000,1400,70.92,1,37.0,6.76
DOC_TRP_10615,Trans_Express,2025-01-08 00:00:00.000,1400,88.02,0,33.0,5.16
DOC_TRP_10616,Beta_Logistic,2025-01-09 00:00:00.000,1300,87.40,0,33.0,18.33
DOC_TRP_10617,Trans_Express,2025-01-01 00:00:00.000,1400,97.63,1,35.0,6.63
DOC_TRP_10618,Beta_Logistic,2025-07-07 00:00:00.000,1400,91.76,0,33.0,6.90
DOC_TRP_10619,Beta_Logistic,2025-01-25 00:00:00.000,1400,78.87,0,36.0,20.27
DOC_TRP_10620,Trans_Express,2025-04-02 00:00:00.000,3300,75.51,0,68.0,6.24
DOC_TRP_10621,Trans_Express,2025-09-06 00:00:00.000,1400,84.04,0,36.0,7.81
DOC_TRP_10622,Alpha_Trans,2025-09-26 00:00:00.000,400,43.93,0,17.0,14.97
DOC_TRP_10623,Trans_Express,2025-06-24 00:00:00.000,1300,97.80,0,31.0,16.67
DOC_TRP_10624,Beta_Logistic,2025-11-05 00:00:00.000,1400,92.01,0,36.0,7.30
DOC_TRP_10625,Beta_Logistic,2025-08-02 00:00:00.000,3300,87.00,0,68.0,5.34
DOC_TRP_10626,Beta_Logistic,2025-06-29 00:00:00.000,400,85.53,0,18.0,20.38
DOC_TRP_10627,Beta_Logistic,2025-10-21 00:00:00.000,400,84.11,0,17.0,5.69
DOC_TRP_10628,Trans_Express,2025-02-15 00:00:00.000,1300,84.41,0,32.0,5.67
DOC_TRP_10629,Trans_Express,2025-05-14 00:00:00.000,3300,83.05,1,71.0,5.83
DOC_TRP_10630,Alpha_Trans,2025-08-13 00:00:00.000,400,65.98,0,16.0,7.24
DOC_TRP_10631,Beta_Logistic,2025-06-17 00:00:00.000,3300,90.98,0,68.0,5.37
DOC_TRP_10632,Trans_Express,2025-04-19 00:00:00.000,1000,78.00,0,29.0,21.87
DOC_TRP_10633,Alpha_Trans,2025-04-11 00:00:00.000,400,71.73,0,17.0,22.50
DOC_TRP_10634,Trans_Express,2025-02-07 00:00:00.000,400,76.40,0,18.0,8.17
DOC_TRP_10635,Alpha_Trans,2025-01-19 00:00:00.000,1400,40.73,0,35.0,39.38
DOC_TRP_10636,Beta_Logistic,2025-05-06 00:00:00.000,3300,89.07,0,65.0,18.37
DOC_TRP_10637,Alpha_Trans,2025-07-01 00:00:00.000,3300,67.67,0,65.0,24.21
DOC_TRP_10638,Alpha_Trans,2025-02-03 00:00:00.000,1000,42.80,1,37.0,39.28
DOC_TRP_10639,Beta_Logistic,2025-02-08 00:00:00.000,1400,83.28,0,34.0,7.97
DOC_TRP_10640,Trans_Express,2025-01-15 00:00:00.000,1300,82.60,0,32.0,19.79
DOC_TRP_10641,Trans_Express,2025-11-04 00:00:00.000,400,96.40,0,17.0,17.40
DOC_TRP_10642,Alpha_Trans,2025-04-19 00:00:00.000,1400,40.03,0,35.0,11.43
DOC_TRP_10643,Alpha_Trans,2025-10-25 00:00:00.000,400,50.93,0,19.0,31.87
DOC_TRP_10644,Trans_Express,2025-11-08 00:00:00.000,1300,81.98,1,35.0,6.07
DOC_TRP_10645,Trans_Express,2025-06-28 00:00:00.000,400,78.01,0,17.0,6.21
DOC_TRP_10646,Alpha_Trans,2025-05-10 00:00:00.000,1000,50.92,0,27.0,12.86
DOC_TRP_10647,Beta_Logistic,2025-03-23 00:00:00.000,3300,79.53,0,67.0,20.39
DOC_TRP_10648,Trans_Express,2025-05-24 00:00:00.000,1000,90.07,0,28.0,18.18
DOC_TRP_10649,Alpha_Trans,2025-04-10 00:00:00.000,3300,51.07,0,66.0,33.95
DOC_TRP_10650,Alpha_Trans,2025-03-24 00:00:00.000,1400,49.58,0,35.0,9.99
DOC_TRP_10651,Trans_Express,2025-01-06 00:00:00.000,1400,89.85,0,33.0,7.37
DOC_TRP_10652,Beta_Logistic,2025-01-26 00:00:00.000,3300,96.90,0,67.0,6.42
DOC_TRP_10653,Trans_Express,2025-01-21 00:00:00.000,3300,92.06,0,65.0,7.31
DOC_TRP_10654,Trans_Express,2025-11-08 00:00:00.000,1300,97.07,1,36.0,4.96
DOC_TRP_10655,Trans_Express,2025-08-18 00:00:00.000,1300,84.20,0,32.0,20.43
DOC_TRP_10656,Trans_Express,2025-06-14 00:00:00.000,1000,96.45,1,31.0,4.91
DOC_TRP_10657,Beta_Logistic,2025-06-24 00:00:00.000,3300,78.20,0,65.0,6.20
DOC_TRP_10658,Beta_Logistic,2025-12-04 00:00:00.000,1400,89.52,0,35.0,7.13
DOC_TRP_10659,Beta_Logistic,2025-09-21 00:00:00.000,3300,75.25,0,66.0,6.54
DOC_TRP_10660,Alpha_Trans,2025-08-29 00:00:00.000,400,45.86,0,19.0,13.99
DOC_TRP_10661,Alpha_Trans,2025-07-11 00:00:00.000,400,63.21,0,18.0,9.83
DOC_TRP_10662,Alpha_Trans,2025-02-25 00:00:00.000,400,62.67,0,18.0,27.35
DOC_TRP_10663,Alpha_Trans,2025-04-23 00:00:00.000,3300,66.12,0,68.0,9.38
DOC_TRP_10664,Alpha_Trans,2025-03-22 00:00:00.000,1000,47.13,0,29.0,36.85
DOC_TRP_10665,Alpha_Trans,2025-07-16 00:00:00.000,1400,44.21,0,36.0,13.97
DOC_TRP_10666,Trans_Express,2025-04-07 00:00:00.000,1400,80.53,0,33.0,20.14
DOC_TRP_10667,Trans_Express,2025-10-10 00:00:00.000,3300,97.87,0,65.0,17.40
DOC_TRP_10668,Beta_Logistic,2025-10-17 00:00:00.000,1400,90.73,0,34.0,18.17
DOC_TRP_10669,Alpha_Trans,2025-07-08 00:00:00.000,1400,58.72,0,34.0,8.31
DOC_TRP_10670,Trans_Express,2025-07-15 00:00:00.000,3300,87.38,0,68.0,7.80
DOC_TRP_10671,Beta_Logistic,2025-11-01 00:00:00.000,1300,84.28,0,32.0,5.50
DOC_TRP_10672,Beta_Logistic,2025-07-03 00:00:00.000,3300,87.36,0,65.0,5.17
DOC_TRP_10673,Trans_Express,2025-03-24 00:00:00.000,1000,93.58,1,29.0,5.01
DOC_TRP_10674,Alpha_Trans,2025-02-11 00:00:00.000,1400,51.21,0,34.0,9.13
DOC_TRP_10675,Trans_Express,2025-07-26 00:00:00.000,3300,75.98,0,66.0,6.14
DOC_TRP_10676,Beta_Logistic,2025-12-07 00:00:00.000,400,78.13,0,16.0,20.63
DOC_TRP_10677,Alpha_Trans,2025-03-02 00:00:00.000,1400,74.32,0,33.0,8.75
DOC_TRP_10678,Trans_Express,2025-06-30 00:00:00.000,1300,78.67,0,34.0,8.16
DOC_TRP_10679,Beta_Logistic,2025-05-27 00:00:00.000,1400,92.00,0,33.0,6.93
DOC_TRP_10680,Beta_Logistic,2025-12-06 00:00:00.000,1000,84.51,0,27.0,5.65
DOC_TRP_10681,Alpha_Trans,2025-10-06 00:00:00.000,1400,64.49,0,35.0,7.19
DOC_TRP_10682,Alpha_Trans,2025-02-24 00:00:00.000,3300,74.33,0,67.0,21.62
DOC_TRP_10683,Beta_Logistic,2025-04-29 00:00:00.000,400,96.58,0,18.0,4.98
DOC_TRP_10684,Beta_Logistic,2025-05-31 00:00:00.000,3300,82.22,0,67.0,5.96
DOC_TRP_10685,Trans_Express,2025-08-12 00:00:00.000,1400,78.04,0,36.0,8.41
DOC_TRP_10686,Trans_Express,2025-03-15 00:00:00.000,3300,91.01,0,68.0,5.12
DOC_TRP_10687,Alpha_Trans,2025-01-15 00:00:00.000,3300,58.10,0,66.0,11.16
DOC_TRP_10688,Trans_Express,2025-01-13 00:00:00.000,1000,91.68,1,29.0,6.79
DOC_TRP_10689,Alpha_Trans,2025-06-25 00:00:00.000,3300,71.87,0,68.0,8.77
DOC_TRP_10690,Beta_Logistic,2025-05-10 00:00:00.000,1000,88.33,0,26.0,18.57
DOC_TRP_10691,Alpha_Trans,2025-07-22 00:00:00.000,400,46.84,0,19.0,14.41
DOC_TRP_10692,Alpha_Trans,2025-07-31 00:00:00.000,400,40.13,0,17.0,15.71
DOC_TRP_10693,Alpha_Trans,2025-02-16 00:00:00.000,3300,66.00,0,67.0,24.64
DOC_TRP_10694,Beta_Logistic,2025-01-26 00:00:00.000,1000,79.37,0,26.0,7.99
DOC_TRP_10695,Alpha_Trans,2025-10-25 00:00:00.000,3300,69.67,0,68.0,23.76
DOC_TRP_10696,Alpha_Trans,2025-12-21 00:00:00.000,1300,69.57,0,32.0,9.46
DOC_TRP_10697,Alpha_Trans,2025-11-14 00:00:00.000,1000,56.20,0,29.0,29.36
DOC_TRP_10698,Trans_Express,2025-05-14 00:00:00.000,1300,86.13,0,32.0,18.81
DOC_TRP_10699,Trans_Express,2025-05-01 00:00:00.000,400,84.82,1,19.0,5.86
DOC_TRP_10700,Beta_Logistic,2025-10-13 00:00:00.000,1000,86.73,0,29.0,19.61
DOC_TRP_10701,Beta_Logistic,2025-10-31 00:00:00.000,1300,94.29,0,33.0,7.22
DOC_TRP_10702,Trans_Express,2025-05-10 00:00:00.000,1300,97.43,0,34.0,6.74
DOC_TRP_10703,Beta_Logistic,2025-09-29 00:00:00.000,3300,82.53,0,65.0,20.23
DOC_TRP_10704,Trans_Express,2025-05-03 00:00:00.000,400,94.58,0,18.0,5.05
DOC_TRP_10705,Alpha_Trans,2025-12-23 00:00:00.000,3300,67.62,0,67.0,6.87
DOC_TRP_10706,Alpha_Trans,2025-01-09 00:00:00.000,3300,64.65,0,65.0,9.76
DOC_TRP_10707,Trans_Express,2025-04-16 00:00:00.000,400,87.13,1,20.0,5.70
DOC_TRP_10708,Alpha_Trans,2025-08-26 00:00:00.000,1400,58.63,0,33.0,11.34
DOC_TRP_10709,Beta_Logistic,2025-09-25 00:00:00.000,1300,91.73,0,28.0,18.55
DOC_TRP_10710,Alpha_Trans,2025-05-10 00:00:00.000,1300,61.81,0,34.0,10.61
DOC_TRP_10711,Beta_Logistic,2025-05-20 00:00:00.000,1000,93.51,0,26.0,6.84
DOC_TRP_10712,Alpha_Trans,2025-01-08 00:00:00.000,1300,59.53,0,32.0,10.85
DOC_TRP_10713,Trans_Express,2025-11-02 00:00:00.000,1300,94.84,1,35.0,4.90
DOC_TRP_10714,Beta_Logistic,2025-03-27 00:00:00.000,1300,76.45,0,32.0,5.93
DOC_TRP_10715,Alpha_Trans,2025-02-20 00:00:00.000,1400,42.62,0,34.0,15.43
DOC_TRP_10716,Beta_Logistic,2025-11-09 00:00:00.000,1300,97.57,0,31.0,4.75
DOC_TRP_10717,Trans_Express,2025-01-25 00:00:00.000,3300,91.53,0,68.0,7.03
DOC_TRP_10718,Alpha_Trans,2025-08-20 00:00:00.000,1000,55.71,0,26.0,11.39
DOC_TRP_10719,Beta_Logistic,2025-09-03 00:00:00.000,1400,84.29,0,33.0,7.57
DOC_TRP_10720,Beta_Logistic,2025-06-26 00:00:00.000,3300,81.55,0,65.0,8.02
DOC_TRP_10721,Beta_Logistic,2025-07-29 00:00:00.000,400,84.64,0,18.0,5.44
DOC_TRP_10722,Alpha_Trans,2025-01-18 00:00:00.000,1000,69.82,0,26.0,9.35
DOC_TRP_10723,Trans_Express,2025-07-05 00:00:00.000,1400,88.87,0,36.0,6.96
DOC_TRP_10724,Trans_Express,2025-09-15 00:00:00.000,400,92.16,0,19.0,7.30
DOC_TRP_10725,Alpha_Trans,2025-11-25 00:00:00.000,400,51.07,0,19.0,31.63
DOC_TRP_10726,Trans_Express,2025-05-23 00:00:00.000,1400,79.23,0,36.0,6.15
DOC_TRP_10727,Trans_Express,2025-12-07 00:00:00.000,1000,80.80,0,28.0,8.40
DOC_TRP_10728,Trans_Express,2025-08-07 00:00:00.000,400,88.00,0,16.0,5.24
DOC_TRP_10729,Alpha_Trans,2025-11-05 00:00:00.000,1400,58.84,0,36.0,11.40
DOC_TRP_10730,Trans_Express,2025-09-01 00:00:00.000,1300,86.20,0,32.0,20.26
DOC_TRP_10731,Beta_Logistic,2025-02-27 00:00:00.000,3300,96.37,0,65.0,6.59
DOC_TRP_10732,Alpha_Trans,2025-03-15 00:00:00.000,3300,49.90,0,65.0,9.75
DOC_TRP_10733,Alpha_Trans,2025-01-04 00:00:00.000,1400,70.43,0,36.0,6.66
DOC_TRP_10734,Trans_Express,2025-05-26 00:00:00.000,3300,84.05,0,67.0,7.52
DOC_TRP_10735,Beta_Logistic,2025-09-12 00:00:00.000,400,81.65,0,19.0,5.70
DOC_TRP_10736,Alpha_Trans,2025-01-01 00:00:00.000,1400,40.58,0,35.0,11.19
DOC_TRP_10737,Alpha_Trans,2025-10-21 00:00:00.000,1300,44.59,0,31.0,10.56
DOC_TRP_10738,Trans_Express,2025-08-27 00:00:00.000,3300,87.33,0,65.0,7.71
DOC_TRP_10739,Beta_Logistic,2025-01-27 00:00:00.000,1300,94.84,0,32.0,7.17
DOC_TRP_10740,Trans_Express,2025-05-04 00:00:00.000,1000,94.00,0,28.0,17.58
DOC_TRP_10741,Alpha_Trans,2025-03-25 00:00:00.000,1300,50.67,0,32.0,32.21
DOC_TRP_10742,Trans_Express,2025-07-25 00:00:00.000,1300,83.60,0,31.0,19.34
DOC_TRP_10743,Trans_Express,2025-07-13 00:00:00.000,400,85.35,0,16.0,7.58
DOC_TRP_10744,Trans_Express,2025-01-10 00:00:00.000,3300,79.20,0,68.0,20.19
DOC_TRP_10745,Alpha_Trans,2025-08-01 00:00:00.000,1000,54.93,1,34.0,31.17
DOC_TRP_10746,Beta_Logistic,2025-03-04 00:00:00.000,3300,93.20,0,68.0,17.19
DOC_TRP_10747,Beta_Logistic,2025-10-19 00:00:00.000,1400,96.74,0,33.0,5.10
DOC_TRP_10748,Beta_Logistic,2025-03-21 00:00:00.000,1300,81.49,0,31.0,8.29
DOC_TRP_10749,Alpha_Trans,2025-04-03 00:00:00.000,3300,55.60,0,66.0,30.24
DOC_TRP_10750,Beta_Logistic,2025-06-02 00:00:00.000,400,81.93,0,19.0,19.85
DOC_TRP_10751,Alpha_Trans,2025-07-17 00:00:00.000,3300,72.80,0,65.0,22.54
DOC_TRP_10752,Beta_Logistic,2025-04-28 00:00:00.000,1400,85.35,0,33.0,5.59
DOC_TRP_10753,Alpha_Trans,2025-04-10 00:00:00.000,3300,70.87,0,65.0,24.68
DOC_TRP_10754,Alpha_Trans,2025-07-16 00:00:00.000,1300,74.60,0,34.0,21.83
DOC_TRP_10755,Alpha_Trans,2025-09-25 00:00:00.000,1400,41.01,0,35.0,16.28
DOC_TRP_10756,Alpha_Trans,2025-09-22 00:00:00.000,1300,48.34,0,33.0,9.90
DOC_TRP_10757,Beta_Logistic,2025-04-19 00:00:00.000,1000,94.43,0,29.0,4.85
DOC_TRP_10758,Beta_Logistic,2025-01-27 00:00:00.000,1300,88.41,0,31.0,5.18
DOC_TRP_10759,Trans_Express,2025-09-11 00:00:00.000,1400,91.51,0,35.0,6.84
DOC_TRP_10760,Trans_Express,2025-07-19 00:00:00.000,3300,97.23,1,71.0,6.52
DOC_TRP_10761,Trans_Express,2025-07-23 00:00:00.000,1400,76.18,0,35.0,8.69
DOC_TRP_10762,Alpha_Trans,2025-03-09 00:00:00.000,1000,46.73,0,29.0,9.98
DOC_TRP_10763,Trans_Express,2025-12-24 00:00:00.000,1300,93.08,0,33.0,7.18
DOC_TRP_10764,Trans_Express,2025-11-23 00:00:00.000,1000,76.47,0,28.0,6.28
DOC_TRP_10765,Trans_Express,2025-02-14 00:00:00.000,1400,84.60,1,38.0,7.60
DOC_TRP_10766,Trans_Express,2025-01-03 00:00:00.000,1400,80.84,0,33.0,5.62
DOC_TRP_10767,Beta_Logistic,2025-11-18 00:00:00.000,1300,91.19,0,34.0,5.32
DOC_TRP_10768,Trans_Express,2025-08-07 00:00:00.000,400,93.40,1,24.0,17.65
DOC_TRP_10769,Trans_Express,2025-12-23 00:00:00.000,3300,83.27,1,71.0,20.57
DOC_TRP_10770,Alpha_Trans,2025-09-30 00:00:00.000,1300,47.90,0,32.0,10.05
DOC_TRP_10771,Trans_Express,2025-12-14 00:00:00.000,3300,93.77,1,71.0,6.89
DOC_TRP_10772,Trans_Express,2025-08-04 00:00:00.000,400,87.22,0,16.0,5.20
DOC_TRP_10773,Beta_Logistic,2025-12-19 00:00:00.000,1000,91.60,0,29.0,17.29
DOC_TRP_10774,Beta_Logistic,2025-04-27 00:00:00.000,1400,81.81,0,35.0,7.90
DOC_TRP_10775,Trans_Express,2025-03-11 00:00:00.000,1000,81.80,0,29.0,19.46
DOC_TRP_10776,Beta_Logistic,2025-02-14 00:00:00.000,3300,89.40,0,66.0,18.28
DOC_TRP_10777,Alpha_Trans,2025-12-01 00:00:00.000,1300,68.20,0,31.0,24.44
DOC_TRP_10778,Beta_Logistic,2025-05-13 00:00:00.000,1400,87.54,0,34.0,7.11
DOC_TRP_10779,Beta_Logistic,2025-06-19 00:00:00.000,3300,87.06,0,66.0,5.27
DOC_TRP_10780,Alpha_Trans,2025-06-18 00:00:00.000,3300,62.51,0,67.0,7.55
DOC_TRP_10781,Alpha_Trans,2025-12-16 00:00:00.000,1400,44.67,0,35.0,10.34
DOC_TRP_10782,Trans_Express,2025-08-14 00:00:00.000,400,94.73,1,20.0,6.87
DOC_TRP_10783,Beta_Logistic,2025-06-28 00:00:00.000,1300,97.96,0,31.0,4.99
DOC_TRP_10784,Alpha_Trans,2025-07-22 00:00:00.000,3300,68.73,0,66.0,24.02
DOC_TRP_10785,Alpha_Trans,2025-12-04 00:00:00.000,3300,71.91,0,67.0,6.36
DOC_TRP_10786,Trans_Express,2025-03-25 00:00:00.000,3300,93.98,0,66.0,4.85
DOC_TRP_10787,Beta_Logistic,2025-09-22 00:00:00.000,1400,87.08,0,34.0,7.78
DOC_TRP_10788,Trans_Express,2025-02-18 00:00:00.000,1000,91.08,0,27.0,7.25
DOC_TRP_10789,Beta_Logistic,2025-09-12 00:00:00.000,1300,78.20,0,33.0,20.51
DOC_TRP_10790,Trans_Express,2025-02-16 00:00:00.000,400,80.63,1,21.0,5.64
DOC_TRP_10791,Trans_Express,2025-12-24 00:00:00.000,1000,95.93,0,29.0,17.46
DOC_TRP_10792,Beta_Logistic,2025-12-07 00:00:00.000,1300,77.10,0,31.0,8.38
DOC_TRP_10793,Alpha_Trans,2025-06-03 00:00:00.000,1400,41.99,0,36.0,14.99
DOC_TRP_10794,Beta_Logistic,2025-08-20 00:00:00.000,400,81.53,0,16.0,7.74
DOC_TRP_10795,Beta_Logistic,2025-04-01 00:00:00.000,400,92.00,0,18.0,18.54
DOC_TRP_10796,Alpha_Trans,2025-02-11 00:00:00.000,1400,61.69,0,34.0,7.85
DOC_TRP_10797,Beta_Logistic,2025-03-28 00:00:00.000,1400,92.87,0,35.0,17.24
DOC_TRP_10798,Beta_Logistic,2025-11-10 00:00:00.000,1400,96.86,0,34.0,5.06
DOC_TRP_10799,Alpha_Trans,2025-07-31 00:00:00.000,1000,47.33,1,34.0,34.97
DOC_TRP_10800,Beta_Logistic,2025-09-16 00:00:00.000,3300,86.47,0,65.0,20.07
DOC_TRP_10801,Alpha_Trans,2025-01-16 00:00:00.000,3300,69.14,0,68.0,6.69
DOC_TRP_10802,Trans_Express,2025-08-06 00:00:00.000,3300,81.73,0,66.0,20.20
DOC_TRP_10803,Trans_Express,2025-06-27 00:00:00.000,3300,96.79,0,65.0,4.79
DOC_TRP_10804,Trans_Express,2025-01-02 00:00:00.000,1000,79.38,0,29.0,5.82
DOC_TRP_10805,Trans_Express,2025-11-29 00:00:00.000,1000,84.72,0,26.0,7.36
DOC_TRP_10806,Trans_Express,2025-03-06 00:00:00.000,400,87.53,1,21.0,7.39
DOC_TRP_10807,Alpha_Trans,2025-03-09 00:00:00.000,1300,63.69,0,31.0,10.06
DOC_TRP_10808,Beta_Logistic,2025-10-27 00:00:00.000,400,94.14,0,19.0,6.87
DOC_TRP_10809,Beta_Logistic,2025-02-18 00:00:00.000,400,78.03,0,16.0,8.30
DOC_TRP_10810,Alpha_Trans,2025-01-02 00:00:00.000,3300,55.05,0,66.0,8.94
DOC_TRP_10811,Trans_Express,2025-09-04 00:00:00.000,1300,79.00,1,37.0,21.65
DOC_TRP_10812,Alpha_Trans,2025-10-28 00:00:00.000,1400,71.87,0,36.0,22.62
DOC_TRP_10813,Trans_Express,2025-04-24 00:00:00.000,1000,89.41,0,26.0,7.43
DOC_TRP_10814,Beta_Logistic,2025-06-21 00:00:00.000,3300,75.39,0,66.0,6.24
DOC_TRP_10815,Trans_Express,2025-07-29 00:00:00.000,1400,84.51,0,33.0,7.31
DOC_TRP_10816,Alpha_Trans,2025-12-19 00:00:00.000,1300,73.75,1,33.0,9.07
DOC_TRP_10817,Beta_Logistic,2025-02-01 00:00:00.000,1000,83.70,0,29.0,5.45
DOC_TRP_10818,Beta_Logistic,2025-10-13 00:00:00.000,1000,78.83,0,27.0,8.64
DOC_TRP_10819,Trans_Express,2025-10-27 00:00:00.000,3300,77.77,0,65.0,5.97
DOC_TRP_10820,Beta_Logistic,2025-02-16 00:00:00.000,1400,91.80,0,34.0,18.78
DOC_TRP_10821,Beta_Logistic,2025-06-20 00:00:00.000,1000,85.87,0,27.0,19.41
DOC_TRP_10822,Beta_Logistic,2025-05-06 00:00:00.000,400,91.44,0,16.0,5.14
DOC_TRP_10823,Beta_Logistic,2025-01-11 00:00:00.000,1400,95.09,0,36.0,6.59
DOC_TRP_10824,Trans_Express,2025-07-06 00:00:00.000,1400,97.06,1,39.0,4.73
DOC_TRP_10825,Alpha_Trans,2025-04-25 00:00:00.000,1300,40.70,0,33.0,11.56
DOC_TRP_10826,Beta_Logistic,2025-01-26 00:00:00.000,3300,91.52,0,66.0,5.20
DOC_TRP_10827,Alpha_Trans,2025-08-17 00:00:00.000,3300,52.31,0,67.0,9.52
DOC_TRP_10828,Alpha_Trans,2025-04-16 00:00:00.000,1300,58.93,0,31.0,28.50
DOC_TRP_10829,Beta_Logistic,2025-12-19 00:00:00.000,3300,86.04,1,67.0,7.22
DOC_TRP_10830,Alpha_Trans,2025-08-29 00:00:00.000,1400,60.51,0,34.0,11.07
DOC_TRP_10831,Beta_Logistic,2025-03-13 00:00:00.000,1300,82.67,0,29.0,20.09
DOC_TRP_10832,Trans_Express,2025-09-19 00:00:00.000,1400,78.44,0,35.0,6.14
DOC_TRP_10833,Alpha_Trans,2025-03-30 00:00:00.000,400,56.33,0,18.0,28.64
DOC_TRP_10834,Trans_Express,2025-09-26 00:00:00.000,1400,97.64,0,34.0,6.60
DOC_TRP_10835,Trans_Express,2025-11-22 00:00:00.000,1000,97.18,1,31.0,4.85
DOC_TRP_10836,Alpha_Trans,2025-05-01 00:00:00.000,1300,42.73,0,33.0,39.68
DOC_TRP_10837,Alpha_Trans,2025-05-10 00:00:00.000,400,48.36,0,18.0,9.85
DOC_TRP_10838,Trans_Express,2025-05-23 00:00:00.000,1300,91.15,0,34.0,7.43
DOC_TRP_10839,Trans_Express,2025-08-31 00:00:00.000,1400,78.67,0,35.0,8.41
DOC_TRP_10840,Alpha_Trans,2025-11-30 00:00:00.000,1000,66.93,0,27.0,25.21
DOC_TRP_10841,Alpha_Trans,2025-09-06 00:00:00.000,1000,56.94,1,38.0,8.72
DOC_TRP_10842,Beta_Logistic,2025-01-17 00:00:00.000,3300,93.52,0,68.0,5.24
DOC_TRP_10843,Alpha_Trans,2025-06-07 00:00:00.000,400,58.80,0,18.0,29.63
DOC_TRP_10844,Trans_Express,2025-06-10 00:00:00.000,400,75.33,0,16.0,6.31
DOC_TRP_10845,Alpha_Trans,2025-01-02 00:00:00.000,400,57.46,0,16.0,10.76
DOC_TRP_10846,Beta_Logistic,2025-02-07 00:00:00.000,1300,78.40,0,34.0,21.27
DOC_TRP_10847,Trans_Express,2025-08-13 00:00:00.000,1000,97.13,0,29.0,17.80
DOC_TRP_10848,Beta_Logistic,2025-11-28 00:00:00.000,400,96.49,0,16.0,6.58
DOC_TRP_10849,Beta_Logistic,2025-03-10 00:00:00.000,1000,97.15,0,26.0,6.53
DOC_TRP_10850,Alpha_Trans,2025-09-13 00:00:00.000,1300,71.60,1,33.0,8.64
DOC_TRP_10851,Alpha_Trans,2025-01-15 00:00:00.000,1300,68.08,0,34.0,6.82
DOC_TRP_10852,Beta_Logistic,2025-05-26 00:00:00.000,1300,91.07,0,34.0,17.62
DOC_TRP_10853,Beta_Logistic,2025-05-31 00:00:00.000,400,86.81,1,17.0,5.48
DOC_TRP_10854,Beta_Logistic,2025-07-05 00:00:00.000,400,82.79,0,19.0,5.91
DOC_TRP_10855,Alpha_Trans,2025-10-16 00:00:00.000,1400,71.73,0,31.0,24.24
DOC_TRP_10856,Beta_Logistic,2025-04-30 00:00:00.000,400,92.87,0,17.0,17.24
DOC_TRP_10857,Trans_Express,2025-09-10 00:00:00.000,1000,85.29,0,29.0,5.59
DOC_TRP_10858,Alpha_Trans,2025-06-27 00:00:00.000,3300,42.67,0,67.0,39.05
DOC_TRP_10859,Beta_Logistic,2025-11-13 00:00:00.000,3300,92.07,0,65.0,5.08
DOC_TRP_10860,Alpha_Trans,2025-08-25 00:00:00.000,1400,46.61,0,35.0,14.20
DOC_TRP_10861,Alpha_Trans,2025-10-12 00:00:00.000,1400,73.03,0,36.0,8.89
DOC_TRP_10862,Trans_Express,2025-12-13 00:00:00.000,1000,85.43,0,26.0,7.32
DOC_TRP_10863,Beta_Logistic,2025-11-24 00:00:00.000,1300,83.81,0,32.0,7.78
DOC_TRP_10864,Trans_Express,2025-09-24 00:00:00.000,1000,83.64,0,29.0,7.62
DOC_TRP_10865,Trans_Express,2025-01-29 00:00:00.000,1400,91.08,0,36.0,7.00
DOC_TRP_10866,Beta_Logistic,2025-06-15 00:00:00.000,3300,95.15,0,68.0,4.98
DOC_TRP_10867,Trans_Express,2025-08-17 00:00:00.000,1400,96.76,0,34.0,6.73
DOC_TRP_10868,Trans_Express,2025-07-10 00:00:00.000,1300,79.60,0,34.0,21.41
DOC_TRP_10869,Beta_Logistic,2025-06-20 00:00:00.000,3300,95.40,0,68.0,16.87
DOC_TRP_10870,Alpha_Trans,2025-11-30 00:00:00.000,1000,56.10,0,26.0,8.52
DOC_TRP_10871,Trans_Express,2025-08-29 00:00:00.000,1000,78.93,0,27.0,6.03
DOC_TRP_10872,Beta_Logistic,2025-08-25 00:00:00.000,1400,80.54,0,33.0,5.95
DOC_TRP_10873,Beta_Logistic,2025-11-22 00:00:00.000,3300,75.05,0,63.0,6.10
DOC_TRP_10874,Beta_Logistic,2025-08-02 00:00:00.000,1000,95.53,0,29.0,18.24
DOC_TRP_10875,Alpha_Trans,2025-08-22 00:00:00.000,3300,63.86,0,66.0,9.93
DOC_TRP_10876,Alpha_Trans,2025-04-28 00:00:00.000,400,58.21,0,16.0,8.51
DOC_TRP_10877,Alpha_Trans,2025-03-04 00:00:00.000,1400,53.27,0,35.0,32.22
DOC_TRP_10878,Beta_Logistic,2025-02-22 00:00:00.000,1400,95.96,0,36.0,6.96
DOC_TRP_10879,Trans_Express,2025-11-19 00:00:00.000,1300,89.97,0,34.0,5.22
DOC_TRP_10880,Trans_Express,2025-11-19 00:00:00.000,400,84.54,0,18.0,7.47
DOC_TRP_10881,Beta_Logistic,2025-02-10 00:00:00.000,400,79.00,0,19.0,21.56
DOC_TRP_10882,Beta_Logistic,2025-12-02 00:00:00.000,3300,94.23,0,67.0,4.98
DOC_TRP_10883,Trans_Express,2025-08-28 00:00:00.000,1400,95.76,0,33.0,6.80
DOC_TRP_10884,Trans_Express,2025-07-23 00:00:00.000,3300,85.40,0,66.0,20.38
DOC_TRP_10885,Trans_Express,2025-07-21 00:00:00.000,1400,87.40,1,37.0,19.30
DOC_TRP_10886,Trans_Express,2025-08-25 00:00:00.000,3300,94.93,0,65.0,17.93
DOC_TRP_10887,Beta_Logistic,2025-09-21 00:00:00.000,1000,91.51,0,27.0,6.96
DOC_TRP_10888,Beta_Logistic,2025-11-06 00:00:00.000,1300,93.00,0,32.0,17.55
DOC_TRP_10889,Trans_Express,2025-01-08 00:00:00.000,3300,75.27,0,68.0,21.40
DOC_TRP_10890,Trans_Express,2025-02-03 00:00:00.000,1300,82.27,0,32.0,21.05
DOC_TRP_10891,Alpha_Trans,2025-10-16 00:00:00.000,1300,63.93,0,32.0,26.23
DOC_TRP_10892,Alpha_Trans,2025-04-25 00:00:00.000,1000,73.27,0,28.0,21.78
DOC_TRP_10893,Beta_Logistic,2025-07-14 00:00:00.000,3300,81.13,0,65.0,20.00
DOC_TRP_10894,Beta_Logistic,2025-02-22 00:00:00.000,1400,90.29,0,33.0,5.06
DOC_TRP_10895,Trans_Express,2025-10-18 00:00:00.000,400,81.29,0,19.0,8.26
DOC_TRP_10896,Beta_Logistic,2025-11-27 00:00:00.000,1000,78.40,0,28.0,22.32
DOC_TRP_10897,Beta_Logistic,2025-08-19 00:00:00.000,1400,90.49,0,31.0,7.21
DOC_TRP_10898,Alpha_Trans,2025-10-19 00:00:00.000,1000,52.48,0,26.0,12.35
DOC_TRP_10899,Beta_Logistic,2025-08-11 00:00:00.000,1000,91.47,0,29.0,17.93
DOC_TRP_10900,Beta_Logistic,2025-04-19 00:00:00.000,400,89.85,0,16.0,5.08
DOC_TRP_10901,Beta_Logistic,2025-02-16 00:00:00.000,3300,89.87,0,67.0,18.11
DOC_TRP_10902,Alpha_Trans,2025-02-21 00:00:00.000,3300,55.42,0,68.0,11.31
DOC_TRP_10903,Alpha_Trans,2025-12-28 00:00:00.000,400,63.11,0,17.0,7.75
DOC_TRP_10904,Alpha_Trans,2025-06-15 00:00:00.000,400,46.60,0,18.0,36.65
DOC_TRP_10905,Trans_Express,2025-03-20 00:00:00.000,1000,93.33,0,29.0,7.23
DOC_TRP_10906,Trans_Express,2025-01-06 00:00:00.000,1400,91.79,0,36.0,5.09
DOC_TRP_10907,Beta_Logistic,2025-05-24 00:00:00.000,1000,86.28,0,28.0,7.29
DOC_TRP_10908,Alpha_Trans,2025-04-02 00:00:00.000,3300,49.41,0,67.0,9.24
DOC_TRP_10909,Trans_Express,2025-07-11 00:00:00.000,3300,86.13,1,69.0,7.62
DOC_TRP_10910,Beta_Logistic,2025-10-14 00:00:00.000,3300,86.48,0,66.0,7.18
DOC_TRP_10911,Alpha_Trans,2025-11-08 00:00:00.000,1000,64.19,1,35.0,7.20
DOC_TRP_10912,Trans_Express,2025-06-07 00:00:00.000,1000,83.20,1,32.0,7.80
DOC_TRP_10913,Alpha_Trans,2025-11-14 00:00:00.000,3300,73.91,0,66.0,6.53
DOC_TRP_10914,Alpha_Trans,2025-07-09 00:00:00.000,1400,60.73,0,34.0,26.39
DOC_TRP_10915,Trans_Express,2025-03-23 00:00:00.000,400,86.33,0,19.0,5.76
DOC_TRP_10916,Alpha_Trans,2025-06-20 00:00:00.000,1000,73.80,0,27.0,22.13
DOC_TRP_10917,Trans_Express,2025-10-20 00:00:00.000,1300,88.93,1,34.0,18.08
DOC_TRP_10918,Alpha_Trans,2025-10-07 00:00:00.000,3300,69.91,0,68.0,7.00
DOC_TRP_10919,Beta_Logistic,2025-08-17 00:00:00.000,1000,79.82,0,26.0,5.71
DOC_TRP_10920,Beta_Logistic,2025-11-09 00:00:00.000,3300,90.55,0,63.0,5.31
DOC_TRP_10921,Alpha_Trans,2025-10-20 00:00:00.000,1000,71.56,0,29.0,6.36
DOC_TRP_10922,Trans_Express,2025-03-02 00:00:00.000,1400,85.53,1,38.0,19.00
DOC_TRP_10923,Beta_Logistic,2025-10-02 00:00:00.000,1300,86.38,0,31.0,7.75
DOC_TRP_10924,Trans_Express,2025-06-02 00:00:00.000,1000,82.67,0,27.0,20.17
DOC_TRP_10925,Alpha_Trans,2025-11-29 00:00:00.000,400,40.06,0,17.0,12.17
DOC_TRP_10926,Beta_Logistic,2025-11-05 00:00:00.000,1000,93.80,0,28.0,17.21
DOC_TRP_10927,Beta_Logistic,2025-05-29 00:00:00.000,400,78.87,0,17.0,20.80
DOC_TRP_10928,Beta_Logistic,2025-12-03 00:00:00.000,400,88.08,0,19.0,7.69
DOC_TRP_10929,Beta_Logistic,2025-10-02 00:00:00.000,1000,82.81,0,27.0,5.95
DOC_TRP_10930,Alpha_Trans,2025-05-21 00:00:00.000,1000,61.56,1,38.0,10.29
DOC_TRP_10931,Trans_Express,2025-04-04 00:00:00.000,3300,85.26,1,70.0,7.26
DOC_TRP_10932,Trans_Express,2025-12-07 00:00:00.000,1000,93.83,0,27.0,5.07
DOC_TRP_10933,Trans_Express,2025-12-22 00:00:00.000,1300,75.84,0,32.0,6.50
DOC_TRP_10934,Alpha_Trans,2025-01-22 00:00:00.000,1000,58.33,0,29.0,28.35
DOC_TRP_10935,Beta_Logistic,2025-09-03 00:00:00.000,3300,90.93,0,68.0,18.91
DOC_TRP_10936,Trans_Express,2025-06-19 00:00:00.000,1400,87.07,0,36.0,5.41
DOC_TRP_10937,Trans_Express,2025-11-10 00:00:00.000,1000,80.21,0,27.0,5.78
DOC_TRP_10938,Trans_Express,2025-10-26 00:00:00.000,3300,90.77,1,73.0,5.19
DOC_TRP_10939,Trans_Express,2025-02-19 00:00:00.000,1400,80.51,0,36.0,6.12
DOC_TRP_10940,Trans_Express,2025-02-12 00:00:00.000,1400,83.25,0,33.0,7.47
DOC_TRP_10941,Alpha_Trans,2025-08-01 00:00:00.000,1300,45.32,0,34.0,10.28
DOC_TRP_10942,Beta_Logistic,2025-10-13 00:00:00.000,1000,87.00,0,29.0,18.28
DOC_TRP_10943,Beta_Logistic,2025-01-26 00:00:00.000,1400,86.89,0,35.0,7.76
DOC_TRP_10944,Beta_Logistic,2025-12-03 00:00:00.000,1400,93.38,0,33.0,4.98
DOC_TRP_10945,Beta_Logistic,2025-07-23 00:00:00.000,1400,93.60,0,35.0,7.11
DOC_TRP_10946,Beta_Logistic,2025-05-10 00:00:00.000,1000,94.58,0,28.0,4.77
DOC_TRP_10947,Alpha_Trans,2025-05-09 00:00:00.000,1000,55.35,0,29.0,8.72
DOC_TRP_10948,Beta_Logistic,2025-05-26 00:00:00.000,1300,80.60,0,32.0,5.61
DOC_TRP_10949,Trans_Express,2025-09-29 00:00:00.000,1000,88.20,0,27.0,19.63
DOC_TRP_10950,Alpha_Trans,2025-08-02 00:00:00.000,400,40.33,0,18.0,42.80
DOC_TRP_10951,Alpha_Trans,2025-07-21 00:00:00.000,1300,72.80,0,32.0,23.91
DOC_TRP_10952,Trans_Express,2025-02-02 00:00:00.000,1400,97.87,0,33.0,17.15
DOC_TRP_10953,Trans_Express,2025-03-26 00:00:00.000,1000,86.92,0,26.0,5.74
DOC_TRP_10954,Alpha_Trans,2025-08-03 00:00:00.000,1300,50.04,0,31.0,9.81
DOC_TRP_10955,Trans_Express,2025-11-01 00:00:00.000,1000,87.87,0,27.0,7.08
DOC_TRP_10956,Alpha_Trans,2025-06-13 00:00:00.000,1300,62.26,0,34.0,7.45
DOC_TRP_10957,Beta_Logistic,2025-07-23 00:00:00.000,3300,78.18,0,67.0,7.91
DOC_TRP_10958,Alpha_Trans,2025-09-14 00:00:00.000,400,72.86,0,16.0,6.40
DOC_TRP_10959,Beta_Logistic,2025-04-20 00:00:00.000,1000,82.29,0,27.0,5.96
DOC_TRP_10960,Trans_Express,2025-03-21 00:00:00.000,1000,76.31,0,28.0,6.11
DOC_TRP_10961,Beta_Logistic,2025-05-19 00:00:00.000,1300,84.81,0,34.0,5.62
DOC_TRP_10962,Beta_Logistic,2025-07-24 00:00:00.000,3300,93.53,0,67.0,17.11
DOC_TRP_10963,Alpha_Trans,2025-05-10 00:00:00.000,400,68.00,0,18.0,9.98
DOC_TRP_10964,Beta_Logistic,2025-10-17 00:00:00.000,3300,86.90,0,66.0,7.67
DOC_TRP_10965,Alpha_Trans,2025-07-23 00:00:00.000,1000,52.71,1,38.0,11.82
DOC_TRP_10966,Trans_Express,2025-05-27 00:00:00.000,3300,91.53,0,68.0,17.82
DOC_TRP_10967,Beta_Logistic,2025-12-20 00:00:00.000,1400,86.67,0,35.0,18.91
DOC_TRP_10968,Beta_Logistic,2025-11-22 00:00:00.000,1300,75.45,0,31.0,6.57
DOC_TRP_10969,Trans_Express,2025-11-15 00:00:00.000,400,80.20,0,18.0,8.50
DOC_TRP_10970,Trans_Express,2025-12-11 00:00:00.000,3300,82.24,0,68.0,7.69
DOC_TRP_10971,Alpha_Trans,2025-07-13 00:00:00.000,1000,51.50,0,28.0,9.16
DOC_TRP_10972,Beta_Logistic,2025-11-11 00:00:00.000,1000,92.64,0,29.0,6.80
DOC_TRP_10973,Trans_Express,2025-11-26 00:00:00.000,1300,83.23,0,33.0,8.16
DOC_TRP_10974,Trans_Express,2025-06-12 00:00:00.000,1400,92.33,1,36.0,18.07
DOC_TRP_10975,Beta_Logistic,2025-11-06 00:00:00.000,1400,79.59,0,34.0,8.02
DOC_TRP_10976,Trans_Express,2025-08-08 00:00:00.000,3300,83.68,1,70.0,5.60
DOC_TRP_10977,Alpha_Trans,2025-12-16 00:00:00.000,400,63.53,0,16.0,7.80
DOC_TRP_10978,Trans_Express,2025-06-21 00:00:00.000,1300,90.07,0,34.0,19.15
DOC_TRP_10979,Alpha_Trans,2025-01-04 00:00:00.000,1300,54.93,0,32.0,31.01
DOC_TRP_10980,Alpha_Trans,2025-10-02 00:00:00.000,3300,66.47,0,68.0,23.95
DOC_TRP_10981,Alpha_Trans,2025-07-24 00:00:00.000,1400,50.13,0,36.0,33.37
DOC_TRP_10982,Beta_Logistic,2025-06-01 00:00:00.000,400,95.89,0,19.0,5.19
DOC_TRP_10983,Alpha_Trans,2025-09-01 00:00:00.000,3300,73.45,0,65.0,8.89
DOC_TRP_10984,Beta_Logistic,2025-11-03 00:00:00.000,1000,94.38,0,27.0,5.25
DOC_TRP_10985,Beta_Logistic,2025-08-13 00:00:00.000,400,76.40,0,19.0,6.20
DOC_TRP_10986,Trans_Express,2025-09-06 00:00:00.000,1300,75.87,0,31.0,22.51
DOC_TRP_10987,Alpha_Trans,2025-03-07 00:00:00.000,1300,55.00,0,32.0,31.32
DOC_TRP_10988,Alpha_Trans,2025-12-11 00:00:00.000,400,63.35,0,18.0,7.39
DOC_TRP_10989,Alpha_Trans,2025-03-08 00:00:00.000,1400,69.09,0,35.0,6.96
DOC_TRP_10990,Alpha_Trans,2025-03-12 00:00:00.000,3300,63.60,0,67.0,25.80
DOC_TRP_10991,Beta_Logistic,2025-05-11 00:00:00.000,1000,80.53,0,27.0,20.24
DOC_TRP_10992,Alpha_Trans,2025-11-03 00:00:00.000,1300,61.13,0,32.0,10.89
DOC_TRP_10993,Beta_Logistic,2025-04-19 00:00:00.000,3300,88.47,0,67.0,17.90
DOC_TRP_10994,Trans_Express,2025-12-31 00:00:00.000,1300,90.26,0,34.0,7.03
DOC_TRP_10995,Alpha_Trans,2025-09-25 00:00:00.000,400,53.41,0,15.0,9.02
DOC_TRP_10996,Beta_Logistic,2025-04-26 00:00:00.000,1000,96.33,0,28.0,16.67
DOC_TRP_10997,Beta_Logistic,2025-10-06 00:00:00.000,1000,95.69,0,26.0,6.53
DOC_TRP_10998,Trans_Express,2025-07-05 00:00:00.000,1000,85.35,0,29.0,7.45
DOC_TRP_10999,Beta_Logistic,2025-12-05 00:00:00.000,1400,75.45,0,35.0,6.56
DOC_TRP_11000,Alpha_Trans,2025-12-28 00:00:00.000,400,51.75,0,16.0,9.31
DOC_TRP_11001,Trans_Express,2025-06-09 00:00:00.000,1300,90.00,0,34.0,18.49
DOC_TRP_11002,Alpha_Trans,2025-07-06 00:00:00.000,1400,41.51,0,36.0,10.97
DOC_TRP_11003,Beta_Logistic,2025-05-18 00:00:00.000,400,82.33,0,14.0,19.32
DOC_TRP_11004,Trans_Express,2025-11-26 00:00:00.000,1300,97.30,0,31.0,4.88
DOC_TRP_11005,Trans_Express,2025-06-05 00:00:00.000,400,95.89,0,18.0,4.91
DOC_TRP_11006,Trans_Express,2025-11-20 00:00:00.000,1000,86.31,0,28.0,7.68
DOC_TRP_11007,Beta_Logistic,2025-08-06 00:00:00.000,1000,95.93,0,27.0,17.34
DOC_TRP_11008,Trans_Express,2025-03-13 00:00:00.000,1400,92.80,0,35.0,17.42
DOC_TRP_11009,Alpha_Trans,2025-10-18 00:00:00.000,1000,66.38,1,42.0,6.99
DOC_TRP_11010,Alpha_Trans,2025-09-19 00:00:00.000,400,49.80,0,18.0,32.82
DOC_TRP_11011,Trans_Express,2025-07-11 00:00:00.000,3300,91.78,0,68.0,7.06
DOC_TRP_11012,Alpha_Trans,2025-01-26 00:00:00.000,1400,44.62,0,36.0,10.58
DOC_TRP_11013,Beta_Logistic,2025-03-19 00:00:00.000,1300,92.20,0,34.0,18.05
DOC_TRP_11014,Alpha_Trans,2025-07-30 00:00:00.000,1400,48.17,0,36.0,13.86
DOC_TRP_11015,Alpha_Trans,2025-02-13 00:00:00.000,400,60.74,0,14.0,8.03
DOC_TRP_11016,Beta_Logistic,2025-03-30 00:00:00.000,1000,92.42,0,28.0,7.32
DOC_TRP_11017,Trans_Express,2025-08-28 00:00:00.000,3300,91.87,0,67.0,17.64
DOC_TRP_11018,Beta_Logistic,2025-12-25 00:00:00.000,1400,84.35,0,35.0,8.03
DOC_TRP_11019,Beta_Logistic,2025-10-14 00:00:00.000,1300,78.39,0,31.0,6.03
DOC_TRP_11020,Trans_Express,2025-12-22 00:00:00.000,3300,96.73,1,72.0,17.60
DOC_TRP_11021,Trans_Express,2025-04-20 00:00:00.000,400,87.53,1,24.0,19.93
DOC_TRP_11022,Trans_Express,2025-04-23 00:00:00.000,1400,82.73,0,36.0,20.03
DOC_TRP_11023,Trans_Express,2025-03-01 00:00:00.000,1000,93.84,0,27.0,7.18
DOC_TRP_11024,Beta_Logistic,2025-11-16 00:00:00.000,1300,87.31,0,32.0,5.62
DOC_TRP_11025,Alpha_Trans,2025-03-06 00:00:00.000,1300,59.27,0,32.0,29.29
DOC_TRP_11026,Alpha_Trans,2025-06-13 00:00:00.000,1400,40.00,0,35.0,42.86
DOC_TRP_11027,Trans_Express,2025-02-25 00:00:00.000,400,82.38,0,17.0,5.70
DOC_TRP_11028,Trans_Express,2025-10-19 00:00:00.000,1400,77.17,0,34.0,8.36
DOC_TRP_11029,Trans_Express,2025-09-14 00:00:00.000,1000,89.27,0,27.0,18.80
DOC_TRP_11030,Alpha_Trans,2025-10-24 00:00:00.000,1000,59.13,1,35.0,29.45
DOC_TRP_11031,Beta_Logistic,2025-10-08 00:00:00.000,1000,97.22,0,28.0,6.95
DOC_TRP_11032,Beta_Logistic,2025-11-25 00:00:00.000,1000,94.13,0,29.0,18.39
DOC_TRP_11033,Alpha_Trans,2025-02-26 00:00:00.000,1400,52.69,0,34.0,11.91
DOC_TRP_11034,Beta_Logistic,2025-08-18 00:00:00.000,400,87.23,0,19.0,7.17
DOC_TRP_11035,Alpha_Trans,2025-03-30 00:00:00.000,1300,48.27,0,33.0,9.42
DOC_TRP_11036,Trans_Express,2025-01-12 00:00:00.000,1000,93.00,1,29.0,17.13
DOC_TRP_11037,Trans_Express,2025-09-17 00:00:00.000,3300,90.93,0,68.0,18.39
DOC_TRP_11038,Trans_Express,2025-01-17 00:00:00.000,400,92.87,0,17.0,6.73
DOC_TRP_11039,Beta_Logistic,2025-10-10 00:00:00.000,400,92.47,0,19.0,17.15
DOC_TRP_11040,Alpha_Trans,2025-05-02 00:00:00.000,1000,62.91,0,27.0,10.02
DOC_TRP_11041,Beta_Logistic,2025-11-18 00:00:00.000,1000,95.67,0,26.0,17.41
DOC_TRP_11042,Trans_Express,2025-01-02 00:00:00.000,1400,87.12,0,33.0,7.54
DOC_TRP_11043,Trans_Express,2025-05-21 00:00:00.000,3300,94.33,0,66.0,17.99
DOC_TRP_11044,Beta_Logistic,2025-09-15 00:00:00.000,1400,84.75,0,34.0,5.48
DOC_TRP_11045,Beta_Logistic,2025-10-14 00:00:00.000,400,78.73,0,19.0,8.29
DOC_TRP_11046,Beta_Logistic,2025-05-03 00:00:00.000,1400,88.17,0,34.0,5.25
DOC_TRP_11047,Trans_Express,2025-09-11 00:00:00.000,400,88.73,0,17.0,5.44
DOC_TRP_11048,Trans_Express,2025-03-31 00:00:00.000,1300,87.47,0,31.0,18.59
DOC_TRP_11049,Alpha_Trans,2025-03-08 00:00:00.000,400,62.85,0,18.0,10.46
DOC_TRP_11050,Alpha_Trans,2025-04-26 00:00:00.000,3300,63.30,0,67.0,7.20
DOC_TRP_11051,Trans_Express,2025-10-01 00:00:00.000,1000,86.93,1,33.0,19.04
DOC_TRP_11052,Alpha_Trans,2025-10-12 00:00:00.000,1000,66.33,0,27.0,26.16
DOC_TRP_11053,Trans_Express,2025-06-25 00:00:00.000,3300,79.47,1,70.0,21.52
DOC_TRP_11054,Beta_Logistic,2025-10-09 00:00:00.000,1000,81.69,0,28.0,5.92
DOC_TRP_11055,Beta_Logistic,2025-09-01 00:00:00.000,400,83.47,0,14.0,5.97
DOC_TRP_11056,Alpha_Trans,2025-05-24 00:00:00.000,1000,51.69,1,35.0,13.00
DOC_TRP_11057,Beta_Logistic,2025-10-12 00:00:00.000,400,90.35,0,16.0,5.45
DOC_TRP_11058,Trans_Express,2025-03-15 00:00:00.000,1000,85.07,0,27.0,19.49
DOC_TRP_11059,Alpha_Trans,2025-03-28 00:00:00.000,400,70.87,1,20.0,24.40
DOC_TRP_11060,Alpha_Trans,2025-11-23 00:00:00.000,400,69.76,0,17.0,6.86
DOC_TRP_11061,Beta_Logistic,2025-05-05 00:00:00.000,1300,90.67,0,31.0,17.69
DOC_TRP_11062,Alpha_Trans,2025-02-08 00:00:00.000,1400,73.60,0,36.0,21.93
DOC_TRP_11063,Beta_Logistic,2025-08-06 00:00:00.000,1400,76.30,0,36.0,6.09
DOC_TRP_11064,Alpha_Trans,2025-04-25 00:00:00.000,1400,61.44,0,36.0,10.64
DOC_TRP_11065,Alpha_Trans,2025-08-30 00:00:00.000,1000,47.86,0,28.0,13.25
DOC_TRP_11066,Alpha_Trans,2025-07-22 00:00:00.000,1000,50.23,1,43.0,9.17
DOC_TRP_11067,Beta_Logistic,2025-09-15 00:00:00.000,3300,80.80,0,65.0,8.24
DOC_TRP_11068,Trans_Express,2025-12-16 00:00:00.000,1300,85.69,0,32.0,5.79
DOC_TRP_11069,Alpha_Trans,2025-08-11 00:00:00.000,400,68.33,0,16.0,23.63
DOC_TRP_11070,Alpha_Trans,2025-04-20 00:00:00.000,3300,72.20,0,67.0,6.72
DOC_TRP_11071,Beta_Logistic,2025-02-01 00:00:00.000,1000,91.25,0,29.0,6.83
DOC_TRP_11072,Trans_Express,2025-03-21 00:00:00.000,1300,83.53,0,33.0,19.93
DOC_TRP_11073,Alpha_Trans,2025-10-05 00:00:00.000,1000,47.73,0,29.0,35.63
DOC_TRP_11074,Alpha_Trans,2025-05-05 00:00:00.000,3300,71.27,0,65.0,23.26
DOC_TRP_11075,Trans_Express,2025-12-04 00:00:00.000,1000,81.46,1,31.0,7.75
DOC_TRP_11076,Beta_Logistic,2025-06-17 00:00:00.000,3300,94.49,0,65.0,6.93
DOC_TRP_11077,Trans_Express,2025-12-02 00:00:00.000,1000,84.13,1,33.0,7.58
DOC_TRP_11078,Alpha_Trans,2025-11-04 00:00:00.000,400,59.80,0,16.0,29.18
DOC_TRP_11079,Trans_Express,2025-06-18 00:00:00.000,3300,85.07,1,71.0,19.62
DOC_TRP_11080,Alpha_Trans,2025-01-29 00:00:00.000,3300,70.87,0,66.0,23.58
DOC_TRP_11081,Alpha_Trans,2025-04-04 00:00:00.000,1400,51.60,0,34.0,30.87
DOC_TRP_11082,Alpha_Trans,2025-04-08 00:00:00.000,400,63.99,0,18.0,10.35
DOC_TRP_11083,Trans_Express,2025-06-27 00:00:00.000,400,79.36,1,23.0,8.25
DOC_TRP_11084,Alpha_Trans,2025-04-05 00:00:00.000,400,51.08,0,18.0,9.62
DOC_TRP_11085,Trans_Express,2025-09-19 00:00:00.000,1000,92.67,0,29.0,18.33
DOC_TRP_11086,Beta_Logistic,2025-02-16 00:00:00.000,3300,81.13,0,65.0,8.36
DOC_TRP_11087,Trans_Express,2025-05-11 00:00:00.000,3300,81.26,0,67.0,5.88
DOC_TRP_11088,Alpha_Trans,2025-11-12 00:00:00.000,1000,60.38,1,35.0,11.02
DOC_TRP_11089,Alpha_Trans,2025-08-23 00:00:00.000,3300,43.49,0,65.0,15.54
DOC_TRP_11090,Trans_Express,2025-03-19 00:00:00.000,3300,75.15,0,67.0,8.82
DOC_TRP_11091,Alpha_Trans,2025-07-30 00:00:00.000,1000,41.93,0,29.0,39.21
DOC_TRP_11092,Beta_Logistic,2025-10-06 00:00:00.000,3300,84.36,0,65.0,7.43
DOC_TRP_11093,Beta_Logistic,2025-09-14 00:00:00.000,400,87.47,0,15.0,7.13
DOC_TRP_11094,Trans_Express,2025-09-21 00:00:00.000,1300,96.00,0,34.0,17.90
DOC_TRP_11095,Beta_Logistic,2025-02-28 00:00:00.000,3300,88.73,0,67.0,18.09
DOC_TRP_11096,Alpha_Trans,2025-10-08 00:00:00.000,1300,68.53,0,34.0,9.88
DOC_TRP_11097,Beta_Logistic,2025-09-12 00:00:00.000,1300,95.47,0,32.0,17.57
DOC_TRP_11098,Trans_Express,2025-04-26 00:00:00.000,400,81.50,0,16.0,5.95
DOC_TRP_11099,Alpha_Trans,2025-02-24 00:00:00.000,3300,50.40,0,66.0,33.79
DOC_TRP_11100,Trans_Express,2025-01-05 00:00:00.000,1400,85.06,0,33.0,5.72
DOC_TRP_11101,Beta_Logistic,2025-05-18 00:00:00.000,1400,86.47,0,35.0,19.54
DOC_TRP_11102,Trans_Express,2025-01-21 00:00:00.000,1000,96.48,0,26.0,4.81
DOC_TRP_11103,Beta_Logistic,2025-08-15 00:00:00.000,1300,77.83,0,34.0,8.07
DOC_TRP_11104,Trans_Express,2025-08-22 00:00:00.000,400,80.87,1,24.0,19.80
DOC_TRP_11105,Alpha_Trans,2025-12-21 00:00:00.000,1400,48.05,0,36.0,9.45
DOC_TRP_11106,Beta_Logistic,2025-12-23 00:00:00.000,3300,96.87,0,67.0,17.47
DOC_TRP_11107,Beta_Logistic,2025-08-14 00:00:00.000,1400,85.00,0,36.0,20.30
DOC_TRP_11108,Beta_Logistic,2025-11-20 00:00:00.000,1000,85.48,0,27.0,5.39
DOC_TRP_11109,Beta_Logistic,2025-08-17 00:00:00.000,1000,78.03,0,28.0,8.26
DOC_TRP_11110,Trans_Express,2025-04-21 00:00:00.000,400,81.97,0,18.0,7.92
DOC_TRP_11111,Trans_Express,2025-08-21 00:00:00.000,1300,90.21,0,32.0,5.07
DOC_TRP_11112,Trans_Express,2025-04-17 00:00:00.000,1400,97.38,0,36.0,6.35
DOC_TRP_11113,Beta_Logistic,2025-07-21 00:00:00.000,1400,82.56,0,34.0,5.64
DOC_TRP_11114,Beta_Logistic,2025-07-13 00:00:00.000,400,87.64,0,19.0,7.53
DOC_TRP_11115,Trans_Express,2025-04-02 00:00:00.000,3300,82.27,0,68.0,20.91
DOC_TRP_11116,Alpha_Trans,2025-11-14 00:00:00.000,1000,71.38,0,29.0,6.86
DOC_TRP_11117,Trans_Express,2025-12-24 00:00:00.000,1000,81.13,0,27.0,21.33
DOC_TRP_11118,Alpha_Trans,2025-11-29 00:00:00.000,1300,43.07,0,34.0,10.82
DOC_TRP_11119,Trans_Express,2025-08-23 00:00:00.000,3300,90.65,0,65.0,5.00
DOC_TRP_11120,Trans_Express,2025-12-09 00:00:00.000,400,79.07,0,16.0,20.89
DOC_TRP_11121,Trans_Express,2025-02-20 00:00:00.000,1000,77.13,0,26.0,20.76
DOC_TRP_11122,Trans_Express,2025-12-22 00:00:00.000,400,77.60,0,18.0,22.50
DOC_TRP_11123,Alpha_Trans,2025-07-24 00:00:00.000,400,47.33,0,19.0,14.27
DOC_TRP_11124,Beta_Logistic,2025-08-24 00:00:00.000,400,78.94,0,18.0,8.47
DOC_TRP_11125,Beta_Logistic,2025-06-03 00:00:00.000,3300,80.61,0,67.0,6.14
DOC_TRP_11126,Alpha_Trans,2025-07-09 00:00:00.000,1300,49.62,0,31.0,9.54
DOC_TRP_11127,Beta_Logistic,2025-06-07 00:00:00.000,400,75.44,0,18.0,6.55
DOC_TRP_11128,Trans_Express,2025-05-02 00:00:00.000,3300,81.20,0,65.0,20.22
DOC_TRP_11129,Alpha_Trans,2025-05-07 00:00:00.000,400,51.31,0,19.0,9.43
DOC_TRP_11130,Alpha_Trans,2025-12-15 00:00:00.000,3300,71.96,0,67.0,9.18
DOC_TRP_11131,Beta_Logistic,2025-09-24 00:00:00.000,1400,95.87,0,35.0,18.19
DOC_TRP_11132,Beta_Logistic,2025-07-31 00:00:00.000,1000,88.07,0,23.0,7.52
DOC_TRP_11133,Alpha_Trans,2025-10-31 00:00:00.000,1300,55.68,0,33.0,11.90
DOC_TRP_11134,Trans_Express,2025-05-21 00:00:00.000,1300,81.25,1,37.0,7.92
DOC_TRP_11135,Beta_Logistic,2025-01-21 00:00:00.000,1400,80.29,0,36.0,6.12
DOC_TRP_11136,Alpha_Trans,2025-06-11 00:00:00.000,400,62.47,0,17.0,26.74
DOC_TRP_11137,Alpha_Trans,2025-09-06 00:00:00.000,400,68.42,0,18.0,7.19
DOC_TRP_11138,Alpha_Trans,2025-01-12 00:00:00.000,1000,43.52,0,28.0,14.25
DOC_TRP_11139,Alpha_Trans,2025-10-30 00:00:00.000,3300,71.91,0,67.0,6.57
DOC_TRP_11140,Alpha_Trans,2025-11-15 00:00:00.000,400,59.31,0,19.0,7.88
DOC_TRP_11141,Beta_Logistic,2025-10-06 00:00:00.000,1300,80.48,0,31.0,5.71
DOC_TRP_11142,Beta_Logistic,2025-01-16 00:00:00.000,1000,90.78,0,27.0,5.20
DOC_TRP_11143,Beta_Logistic,2025-03-28 00:00:00.000,1000,86.17,0,28.0,7.63
DOC_TRP_11144,Alpha_Trans,2025-08-03 00:00:00.000,3300,73.27,0,65.0,23.29
DOC_TRP_11145,Beta_Logistic,2025-04-05 00:00:00.000,1400,87.24,1,37.0,7.36
DOC_TRP_11146,Beta_Logistic,2025-09-16 00:00:00.000,1300,93.53,0,33.0,18.26
DOC_TRP_11147,Trans_Express,2025-11-28 00:00:00.000,1000,89.41,0,26.0,5.56
DOC_TRP_11148,Beta_Logistic,2025-11-02 00:00:00.000,1400,91.82,0,34.0,4.92
DOC_TRP_11149,Beta_Logistic,2025-11-06 00:00:00.000,1000,82.78,0,28.0,5.81
DOC_TRP_11150,Alpha_Trans,2025-05-03 00:00:00.000,1400,59.60,0,34.0,26.66
DOC_TRP_11151,Beta_Logistic,2025-07-16 00:00:00.000,1300,84.27,0,31.0,19.40
DOC_TRP_11152,Alpha_Trans,2025-07-27 00:00:00.000,1400,44.00,0,34.0,14.63
DOC_TRP_11153,Trans_Express,2025-07-06 00:00:00.000,1000,77.43,1,34.0,6.24
DOC_TRP_11154,Trans_Express,2025-06-28 00:00:00.000,1300,88.15,0,32.0,7.65
DOC_TRP_11155,Alpha_Trans,2025-01-19 00:00:00.000,1400,74.53,0,33.0,6.51
DOC_TRP_11156,Beta_Logistic,2025-11-17 00:00:00.000,1300,97.59,0,33.0,6.65
DOC_TRP_11157,Alpha_Trans,2025-02-20 00:00:00.000,3300,47.80,0,68.0,36.15
DOC_TRP_11158,Alpha_Trans,2025-11-08 00:00:00.000,1300,40.69,0,31.0,11.33
DOC_TRP_11159,Beta_Logistic,2025-11-22 00:00:00.000,1000,92.40,0,27.0,17.35
DOC_TRP_11160,Trans_Express,2025-07-24 00:00:00.000,400,84.34,0,16.0,7.32
DOC_TRP_11161,Alpha_Trans,2025-12-12 00:00:00.000,1000,74.33,1,42.0,6.37
DOC_TRP_11162,Alpha_Trans,2025-03-21 00:00:00.000,400,50.27,0,17.0,32.71
DOC_TRP_11163,Beta_Logistic,2025-10-25 00:00:00.000,400,83.00,0,18.0,19.46
DOC_TRP_11164,Beta_Logistic,2025-08-15 00:00:00.000,1000,79.67,0,27.0,5.74
DOC_TRP_11165,Alpha_Trans,2025-05-29 00:00:00.000,1000,67.73,1,38.0,23.65
DOC_TRP_11166,Trans_Express,2025-03-27 00:00:00.000,1400,85.40,0,36.0,19.18
DOC_TRP_11167,Alpha_Trans,2025-07-16 00:00:00.000,3300,72.20,0,67.0,23.29
DOC_TRP_11168,Beta_Logistic,2025-08-10 00:00:00.000,1400,89.07,0,33.0,19.64
DOC_TRP_11169,Beta_Logistic,2025-05-08 00:00:00.000,400,88.72,0,19.0,5.34
DOC_TRP_11170,Trans_Express,2025-12-23 00:00:00.000,1000,95.37,0,28.0,7.03
DOC_TRP_11171,Trans_Express,2025-12-22 00:00:00.000,1400,80.19,0,33.0,5.71
DOC_TRP_11172,Trans_Express,2025-05-15 00:00:00.000,3300,75.41,0,67.0,8.70
DOC_TRP_11173,Trans_Express,2025-01-13 00:00:00.000,1300,79.33,0,32.0,21.99
DOC_TRP_11174,Beta_Logistic,2025-09-10 00:00:00.000,1300,75.47,0,32.0,6.58
DOC_TRP_11175,Beta_Logistic,2025-04-16 00:00:00.000,1000,79.10,0,29.0,7.98
DOC_TRP_11176,Trans_Express,2025-10-02 00:00:00.000,3300,88.92,0,66.0,5.33
DOC_TRP_11177,Trans_Express,2025-05-02 00:00:00.000,1300,86.38,1,36.0,5.70
DOC_TRP_11178,Beta_Logistic,2025-10-07 00:00:00.000,1000,95.73,0,28.0,16.65
DOC_TRP_11179,Beta_Logistic,2025-12-22 00:00:00.000,400,96.60,0,17.0,17.13
DOC_TRP_11180,Alpha_Trans,2025-01-17 00:00:00.000,1400,40.93,0,36.0,41.02
DOC_TRP_11181,Alpha_Trans,2025-08-06 00:00:00.000,400,43.43,0,17.0,10.44
DOC_TRP_11182,Alpha_Trans,2025-11-05 00:00:00.000,3300,58.58,0,68.0,11.15
DOC_TRP_11183,Alpha_Trans,2025-02-28 00:00:00.000,1000,64.60,1,39.0,25.44
DOC_TRP_11184,Alpha_Trans,2025-12-14 00:00:00.000,1000,64.12,0,28.0,10.09
DOC_TRP_11185,Trans_Express,2025-07-04 00:00:00.000,1400,88.23,0,34.0,7.28
DOC_TRP_11186,Beta_Logistic,2025-03-13 00:00:00.000,3300,87.93,0,67.0,18.33
DOC_TRP_11187,Alpha_Trans,2025-01-22 00:00:00.000,1300,73.53,0,32.0,22.60
DOC_TRP_11188,Alpha_Trans,2025-08-16 00:00:00.000,3300,68.25,0,68.0,7.01
DOC_TRP_11189,Beta_Logistic,2025-11-21 00:00:00.000,400,94.14,0,16.0,7.15
DOC_TRP_11190,Alpha_Trans,2025-05-14 00:00:00.000,400,74.32,0,17.0,8.75
DOC_TRP_11191,Trans_Express,2025-10-30 00:00:00.000,3300,88.13,0,68.0,5.19
DOC_TRP_11192,Trans_Express,2025-07-27 00:00:00.000,1000,84.60,1,34.0,19.65
DOC_TRP_11193,Trans_Express,2025-07-05 00:00:00.000,1300,79.58,0,34.0,6.26
DOC_TRP_11194,Alpha_Trans,2025-01-11 00:00:00.000,400,42.51,0,19.0,14.82
DOC_TRP_11195,Alpha_Trans,2025-10-10 00:00:00.000,400,49.13,0,17.0,34.06
DOC_TRP_11196,Beta_Logistic,2025-05-22 00:00:00.000,1000,96.73,0,26.0,5.11
DOC_TRP_11197,Beta_Logistic,2025-02-25 00:00:00.000,1000,95.73,1,30.0,5.13
DOC_TRP_11198,Alpha_Trans,2025-07-01 00:00:00.000,3300,73.74,0,67.0,8.46
DOC_TRP_11199,Beta_Logistic,2025-11-07 00:00:00.000,1000,87.00,0,28.0,19.94
DOC_TRP_11200,Beta_Logistic,2025-10-30 00:00:00.000,400,92.60,0,16.0,17.54
DOC_TRP_11201,Alpha_Trans,2025-11-23 00:00:00.000,400,71.45,0,19.0,9.49
DOC_TRP_11202,Beta_Logistic,2025-09-02 00:00:00.000,400,78.20,0,17.0,5.95
DOC_TRP_11203,Trans_Express,2025-09-16 00:00:00.000,1300,90.89,0,34.0,5.28
DOC_TRP_11204,Alpha_Trans,2025-09-19 00:00:00.000,400,70.93,1,20.0,23.17
DOC_TRP_11205,Trans_Express,2025-05-19 00:00:00.000,1400,81.00,0,33.0,19.85
DOC_TRP_11206,Alpha_Trans,2025-01-15 00:00:00.000,400,43.77,0,18.0,10.84
DOC_TRP_11207,Trans_Express,2025-01-08 00:00:00.000,1000,75.40,1,31.0,22.50
DOC_TRP_11208,Alpha_Trans,2025-02-12 00:00:00.000,1000,65.67,1,37.0,24.50
DOC_TRP_11209,Alpha_Trans,2025-12-19 00:00:00.000,1300,68.10,0,33.0,9.84
DOC_TRP_11210,Trans_Express,2025-08-09 00:00:00.000,1300,84.27,0,32.0,18.97
DOC_TRP_11211,Trans_Express,2025-01-15 00:00:00.000,1400,97.20,0,33.0,4.77
DOC_TRP_11212,Trans_Express,2025-02-26 00:00:00.000,1300,85.31,1,37.0,5.59
DOC_TRP_11213,Beta_Logistic,2025-08-08 00:00:00.000,1000,81.16,0,26.0,7.84
DOC_TRP_11214,Alpha_Trans,2025-09-02 00:00:00.000,1400,70.93,0,34.0,22.47
DOC_TRP_11215,Alpha_Trans,2025-09-13 00:00:00.000,1000,58.83,1,40.0,7.78
DOC_TRP_11216,Trans_Express,2025-09-16 00:00:00.000,3300,87.48,0,67.0,7.36
DOC_TRP_11217,Alpha_Trans,2025-06-14 00:00:00.000,1000,66.33,0,28.0,25.18
DOC_TRP_11218,Alpha_Trans,2025-01-30 00:00:00.000,1400,52.93,0,33.0,12.51
DOC_TRP_11219,Alpha_Trans,2025-03-28 00:00:00.000,400,57.87,0,18.0,29.01
DOC_TRP_11220,Alpha_Trans,2025-06-23 00:00:00.000,400,62.27,0,16.0,27.69
DOC_TRP_11221,Alpha_Trans,2025-03-01 00:00:00.000,1400,48.40,0,35.0,35.68
DOC_TRP_11222,Beta_Logistic,2025-06-15 00:00:00.000,400,88.95,0,18.0,5.51
DOC_TRP_11223,Trans_Express,2025-04-21 00:00:00.000,1400,86.40,0,36.0,19.13
DOC_TRP_11224,Trans_Express,2025-04-30 00:00:00.000,400,84.47,0,19.0,20.16
DOC_TRP_11225,Beta_Logistic,2025-04-18 00:00:00.000,1300,79.68,0,31.0,8.05
DOC_TRP_11226,Alpha_Trans,2025-05-24 00:00:00.000,1400,57.42,0,34.0,11.24
DOC_TRP_11227,Trans_Express,2025-09-21 00:00:00.000,1400,76.46,0,35.0,8.22
DOC_TRP_11228,Trans_Express,2025-01-26 00:00:00.000,1400,78.30,0,35.0,5.89
DOC_TRP_11229,Trans_Express,2025-06-05 00:00:00.000,1000,95.27,1,28.0,18.20
DOC_TRP_11230,Trans_Express,2025-11-02 00:00:00.000,1300,84.84,0,31.0,7.34
DOC_TRP_11231,Beta_Logistic,2025-10-23 00:00:00.000,1000,76.45,0,27.0,6.08
DOC_TRP_11232,Trans_Express,2025-07-19 00:00:00.000,1300,80.40,0,32.0,21.62
DOC_TRP_11233,Alpha_Trans,2025-08-02 00:00:00.000,1300,68.20,0,33.0,25.03
DOC_TRP_11234,Beta_Logistic,2025-03-01 00:00:00.000,1400,80.93,0,35.0,21.09
DOC_TRP_11235,Alpha_Trans,2025-12-11 00:00:00.000,1300,69.07,0,31.0,24.62
DOC_TRP_11236,Alpha_Trans,2025-11-03 00:00:00.000,1000,57.85,1,38.0,10.99
DOC_TRP_11237,Trans_Express,2025-10-03 00:00:00.000,1000,88.58,0,26.0,7.26
DOC_TRP_11238,Alpha_Trans,2025-10-18 00:00:00.000,1400,56.83,0,33.0,7.97
DOC_TRP_11239,Beta_Logistic,2025-09-06 00:00:00.000,3300,94.60,0,65.0,17.08
DOC_TRP_11240,Beta_Logistic,2025-04-12 00:00:00.000,1000,80.73,0,26.0,5.60
DOC_TRP_11241,Alpha_Trans,2025-08-23 00:00:00.000,400,48.87,0,17.0,32.83
DOC_TRP_11242,Trans_Express,2025-02-28 00:00:00.000,1300,92.77,0,32.0,6.74
DOC_TRP_11243,Beta_Logistic,2025-12-28 00:00:00.000,1300,79.20,0,33.0,21.38
DOC_TRP_11244,Alpha_Trans,2025-08-15 00:00:00.000,1400,40.80,0,34.0,40.89
DOC_TRP_11245,Alpha_Trans,2025-04-21 00:00:00.000,1400,56.82,0,35.0,11.41
DOC_TRP_11246,Beta_Logistic,2025-02-19 00:00:00.000,1300,79.67,0,34.0,8.38
DOC_TRP_11247,Beta_Logistic,2025-03-21 00:00:00.000,3300,92.46,0,65.0,7.11
DOC_TRP_11248,Trans_Express,2025-01-07 00:00:00.000,3300,91.13,1,71.0,18.52
DOC_TRP_11309,Alpha_Trans,2025-08-02 00:00:00.000,1300,46.97,0,34.0,14.41
DOC_TRP_11249,Trans_Express,2025-10-21 00:00:00.000,1400,76.40,0,36.0,21.89
DOC_TRP_11250,Beta_Logistic,2025-07-03 00:00:00.000,3300,96.16,0,65.0,6.95
DOC_TRP_11251,Alpha_Trans,2025-11-01 00:00:00.000,1000,44.41,0,26.0,14.72
DOC_TRP_11252,Beta_Logistic,2025-01-05 00:00:00.000,3300,87.08,0,68.0,7.83
DOC_TRP_11253,Alpha_Trans,2025-01-13 00:00:00.000,1000,60.10,0,28.0,10.41
DOC_TRP_11254,Beta_Logistic,2025-08-21 00:00:00.000,3300,90.99,0,66.0,7.40
DOC_TRP_11255,Alpha_Trans,2025-11-15 00:00:00.000,3300,43.40,0,67.0,37.83
DOC_TRP_11256,Trans_Express,2025-11-27 00:00:00.000,1400,79.93,0,34.0,5.70
DOC_TRP_11257,Beta_Logistic,2025-04-23 00:00:00.000,400,91.67,0,17.0,17.33
DOC_TRP_11258,Trans_Express,2025-04-18 00:00:00.000,1000,75.22,0,28.0,8.93
DOC_TRP_11259,Beta_Logistic,2025-01-09 00:00:00.000,1000,95.93,0,28.0,16.63
DOC_TRP_11260,Beta_Logistic,2025-09-08 00:00:00.000,1300,87.74,0,32.0,5.43
DOC_TRP_11261,Beta_Logistic,2025-10-09 00:00:00.000,1400,94.11,0,34.0,5.19
DOC_TRP_11262,Alpha_Trans,2025-12-03 00:00:00.000,1000,61.47,0,29.0,27.75
DOC_TRP_11263,Beta_Logistic,2025-09-29 00:00:00.000,1000,97.54,0,28.0,4.92
DOC_TRP_11264,Trans_Express,2025-05-21 00:00:00.000,1300,93.32,0,32.0,6.69
DOC_TRP_11265,Alpha_Trans,2025-09-21 00:00:00.000,400,51.00,0,19.0,13.07
DOC_TRP_11266,Trans_Express,2025-12-09 00:00:00.000,400,88.27,0,18.0,5.53
DOC_TRP_11267,Trans_Express,2025-11-14 00:00:00.000,400,89.83,0,16.0,7.28
DOC_TRP_11268,Beta_Logistic,2025-05-13 00:00:00.000,1400,75.27,0,35.0,6.49
DOC_TRP_11269,Alpha_Trans,2025-03-30 00:00:00.000,400,63.73,0,19.0,26.23
DOC_TRP_11270,Beta_Logistic,2025-09-28 00:00:00.000,1000,89.84,0,26.0,7.07
DOC_TRP_11271,Alpha_Trans,2025-03-18 00:00:00.000,1300,40.40,0,34.0,12.06
DOC_TRP_11272,Beta_Logistic,2025-03-19 00:00:00.000,3300,82.80,0,65.0,20.31
DOC_TRP_11273,Trans_Express,2025-12-09 00:00:00.000,1300,96.40,0,31.0,16.71
DOC_TRP_11274,Alpha_Trans,2025-03-20 00:00:00.000,1300,54.07,0,32.0,30.63
DOC_TRP_11275,Trans_Express,2025-11-11 00:00:00.000,400,76.20,0,17.0,21.40
DOC_TRP_11276,Beta_Logistic,2025-09-26 00:00:00.000,3300,81.27,0,66.0,5.91
DOC_TRP_11277,Trans_Express,2025-02-20 00:00:00.000,1300,77.63,0,31.0,6.13
DOC_TRP_11278,Trans_Express,2025-09-20 00:00:00.000,400,75.49,0,17.0,8.42
DOC_TRP_11279,Beta_Logistic,2025-04-16 00:00:00.000,400,78.34,0,16.0,8.58
DOC_TRP_11280,Beta_Logistic,2025-09-21 00:00:00.000,400,84.13,0,19.0,7.54
DOC_TRP_11281,Beta_Logistic,2025-12-16 00:00:00.000,1300,82.24,0,34.0,8.24
DOC_TRP_11282,Alpha_Trans,2025-04-29 00:00:00.000,1000,73.04,0,28.0,9.29
DOC_TRP_11283,Trans_Express,2025-07-11 00:00:00.000,1300,78.03,0,31.0,8.12
DOC_TRP_11284,Trans_Express,2025-10-17 00:00:00.000,1000,92.00,0,27.0,17.98
DOC_TRP_11285,Alpha_Trans,2025-09-25 00:00:00.000,1000,55.40,1,35.0,29.60
DOC_TRP_11286,Trans_Express,2025-04-28 00:00:00.000,400,88.80,0,19.0,18.54
DOC_TRP_11287,Alpha_Trans,2025-12-26 00:00:00.000,400,58.27,0,18.0,27.42
DOC_TRP_11288,Trans_Express,2025-12-17 00:00:00.000,3300,93.39,1,71.0,6.74
DOC_TRP_11289,Alpha_Trans,2025-11-22 00:00:00.000,400,48.33,0,17.0,33.67
DOC_TRP_11290,Trans_Express,2025-04-22 00:00:00.000,1000,80.76,0,28.0,7.97
DOC_TRP_11291,Trans_Express,2025-09-10 00:00:00.000,1000,88.40,0,27.0,19.72
DOC_TRP_11292,Alpha_Trans,2025-12-12 00:00:00.000,1300,60.53,0,34.0,27.63
DOC_TRP_11293,Trans_Express,2025-06-20 00:00:00.000,1400,87.28,1,38.0,7.67
DOC_TRP_11294,Beta_Logistic,2025-12-28 00:00:00.000,400,86.68,0,17.0,7.25
DOC_TRP_11295,Beta_Logistic,2025-08-17 00:00:00.000,400,93.82,0,17.0,7.13
DOC_TRP_11296,Trans_Express,2025-03-09 00:00:00.000,400,84.20,0,16.0,20.65
DOC_TRP_11297,Beta_Logistic,2025-07-20 00:00:00.000,1400,81.37,0,33.0,5.74
DOC_TRP_11298,Alpha_Trans,2025-04-17 00:00:00.000,1000,66.93,0,27.0,24.32
DOC_TRP_11299,Trans_Express,2025-09-30 00:00:00.000,400,75.07,0,18.0,21.61
DOC_TRP_11300,Trans_Express,2025-07-12 00:00:00.000,1000,91.53,0,26.0,17.50
DOC_TRP_11301,Alpha_Trans,2025-04-25 00:00:00.000,400,72.67,0,16.0,23.97
DOC_TRP_11302,Beta_Logistic,2025-10-11 00:00:00.000,1000,86.62,0,29.0,7.20
DOC_TRP_11303,Beta_Logistic,2025-03-15 00:00:00.000,1300,96.31,0,31.0,7.04
DOC_TRP_11304,Beta_Logistic,2025-08-15 00:00:00.000,1300,89.47,0,31.0,18.73
DOC_TRP_11305,Trans_Express,2025-04-22 00:00:00.000,3300,88.55,0,65.0,7.59
DOC_TRP_11306,Beta_Logistic,2025-02-02 00:00:00.000,400,83.83,0,19.0,5.91
DOC_TRP_11307,Beta_Logistic,2025-10-24 00:00:00.000,1000,83.44,0,29.0,5.48
DOC_TRP_11308,Trans_Express,2025-05-14 00:00:00.000,1300,91.07,0,34.0,5.32
DOC_TRP_11310,Trans_Express,2025-12-13 00:00:00.000,1300,92.42,1,35.0,5.33
DOC_TRP_11311,Trans_Express,2025-02-07 00:00:00.000,3300,84.93,0,68.0,19.16
DOC_TRP_11312,Trans_Express,2025-09-23 00:00:00.000,1000,80.05,0,26.0,5.97
DOC_TRP_11313,Trans_Express,2025-03-13 00:00:00.000,400,97.46,1,19.0,4.74
DOC_TRP_11314,Trans_Express,2025-02-17 00:00:00.000,1000,93.76,1,32.0,7.21
DOC_TRP_11315,Alpha_Trans,2025-02-17 00:00:00.000,1400,67.80,0,36.0,24.85
DOC_TRP_11316,Alpha_Trans,2025-06-23 00:00:00.000,1400,40.60,0,34.0,40.82
DOC_TRP_11317,Alpha_Trans,2025-03-08 00:00:00.000,1300,66.13,0,33.0,25.19
DOC_TRP_11318,Beta_Logistic,2025-04-06 00:00:00.000,1400,83.04,0,35.0,7.57
DOC_TRP_11319,Beta_Logistic,2025-01-01 00:00:00.000,1000,83.13,0,25.0,20.03
DOC_TRP_11320,Trans_Express,2025-11-04 00:00:00.000,1400,76.70,0,33.0,8.47
DOC_TRP_11321,Trans_Express,2025-03-11 00:00:00.000,3300,92.61,0,68.0,6.90
DOC_TRP_11322,Alpha_Trans,2025-02-12 00:00:00.000,3300,50.87,0,65.0,32.34
DOC_TRP_11323,Alpha_Trans,2025-04-20 00:00:00.000,3300,74.94,0,68.0,6.56
DOC_TRP_11324,Alpha_Trans,2025-04-10 00:00:00.000,1000,68.73,0,28.0,24.00
DOC_TRP_11325,Alpha_Trans,2025-12-12 00:00:00.000,1300,65.72,0,33.0,9.90
DOC_TRP_11326,Trans_Express,2025-10-25 00:00:00.000,3300,76.60,0,65.0,6.23
DOC_TRP_11327,Beta_Logistic,2025-03-07 00:00:00.000,400,86.34,0,18.0,5.33
DOC_TRP_11328,Beta_Logistic,2025-02-12 00:00:00.000,3300,97.69,0,68.0,5.05
DOC_TRP_11329,Trans_Express,2025-06-16 00:00:00.000,1000,90.29,1,33.0,6.87
DOC_TRP_11330,Alpha_Trans,2025-08-30 00:00:00.000,400,53.23,0,18.0,12.82
DOC_TRP_11331,Beta_Logistic,2025-09-06 00:00:00.000,3300,81.73,0,67.0,19.63
DOC_TRP_11332,Trans_Express,2025-07-10 00:00:00.000,1000,76.24,0,27.0,8.11
DOC_TRP_11333,Alpha_Trans,2025-12-09 00:00:00.000,1300,56.37,0,31.0,11.73
DOC_TRP_11334,Beta_Logistic,2025-09-26 00:00:00.000,3300,89.17,0,65.0,7.31
DOC_TRP_11335,Alpha_Trans,2025-02-01 00:00:00.000,1000,55.13,1,38.0,11.24
DOC_TRP_11336,Trans_Express,2025-07-29 00:00:00.000,1300,81.82,0,33.0,5.92
DOC_TRP_11337,Beta_Logistic,2025-10-20 00:00:00.000,1300,76.59,0,32.0,8.67
DOC_TRP_11338,Trans_Express,2025-12-06 00:00:00.000,400,93.20,0,17.0,17.99
DOC_TRP_11339,Alpha_Trans,2025-09-21 00:00:00.000,3300,51.95,0,65.0,12.36
DOC_TRP_11340,Alpha_Trans,2025-08-22 00:00:00.000,1400,65.00,0,34.0,25.50
DOC_TRP_11341,Alpha_Trans,2025-10-28 00:00:00.000,1300,70.93,0,34.0,24.28
DOC_TRP_11342,Alpha_Trans,2025-08-18 00:00:00.000,3300,43.93,0,65.0,11.23
DOC_TRP_11343,Beta_Logistic,2025-06-01 00:00:00.000,1300,84.93,0,33.0,20.22
DOC_TRP_11344,Trans_Express,2025-11-05 00:00:00.000,1300,85.68,0,32.0,5.46
DOC_TRP_11345,Trans_Express,2025-10-22 00:00:00.000,1400,96.86,0,36.0,4.89
DOC_TRP_11346,Alpha_Trans,2025-01-12 00:00:00.000,1000,60.56,0,28.0,10.69
DOC_TRP_11347,Alpha_Trans,2025-10-27 00:00:00.000,3300,48.50,0,65.0,9.60
DOC_TRP_11348,Alpha_Trans,2025-01-29 00:00:00.000,1400,72.86,0,34.0,8.83
DOC_TRP_11349,Beta_Logistic,2025-04-01 00:00:00.000,400,96.80,0,17.0,17.89
DOC_TRP_11350,Alpha_Trans,2025-02-27 00:00:00.000,1300,62.13,0,34.0,27.75
DOC_TRP_11351,Trans_Express,2025-09-12 00:00:00.000,1000,93.09,0,29.0,4.88
DOC_TRP_11352,Trans_Express,2025-09-11 00:00:00.000,1400,96.93,0,34.0,16.58
DOC_TRP_11353,Trans_Express,2025-02-16 00:00:00.000,1000,94.01,0,27.0,5.17
DOC_TRP_11354,Alpha_Trans,2025-04-04 00:00:00.000,1400,64.17,0,35.0,10.22
DOC_TRP_11355,Beta_Logistic,2025-05-29 00:00:00.000,3300,84.20,0,68.0,19.67
DOC_TRP_11356,Alpha_Trans,2025-01-11 00:00:00.000,1400,66.00,0,34.0,7.33
DOC_TRP_11357,Beta_Logistic,2025-01-10 00:00:00.000,3300,78.08,0,66.0,8.14
DOC_TRP_11358,Beta_Logistic,2025-01-18 00:00:00.000,1400,77.94,0,34.0,6.04
DOC_TRP_11359,Beta_Logistic,2025-10-01 00:00:00.000,1000,76.20,0,27.0,21.11
DOC_TRP_11360,Alpha_Trans,2025-04-17 00:00:00.000,400,52.54,0,17.0,9.30
DOC_TRP_11361,Trans_Express,2025-12-01 00:00:00.000,1400,84.29,0,36.0,7.44
DOC_TRP_11362,Alpha_Trans,2025-04-17 00:00:00.000,3300,46.66,0,66.0,14.43
DOC_TRP_11363,Alpha_Trans,2025-10-04 00:00:00.000,3300,54.93,0,68.0,30.00
DOC_TRP_11364,Alpha_Trans,2025-12-03 00:00:00.000,3300,50.02,0,66.0,9.82
DOC_TRP_11365,Trans_Express,2025-03-08 00:00:00.000,400,86.12,0,18.0,7.18
DOC_TRP_11366,Beta_Logistic,2025-01-17 00:00:00.000,1400,88.57,0,33.0,5.30
DOC_TRP_11367,Trans_Express,2025-02-22 00:00:00.000,400,86.93,0,17.0,18.52
DOC_TRP_11368,Alpha_Trans,2025-08-06 00:00:00.000,1400,70.46,0,34.0,6.84
DOC_TRP_11369,Beta_Logistic,2025-08-21 00:00:00.000,1000,93.00,0,28.0,6.67
DOC_TRP_11370,Trans_Express,2025-12-05 00:00:00.000,400,78.20,0,17.0,21.63
DOC_TRP_11371,Trans_Express,2025-04-18 00:00:00.000,3300,96.03,0,65.0,6.65
DOC_TRP_11372,Beta_Logistic,2025-01-13 00:00:00.000,3300,81.32,0,66.0,7.82
DOC_TRP_11373,Alpha_Trans,2025-02-04 00:00:00.000,3300,48.08,0,65.0,10.22
DOC_TRP_11374,Trans_Express,2025-06-13 00:00:00.000,3300,91.40,0,65.0,18.80
DOC_TRP_11375,Alpha_Trans,2025-05-22 00:00:00.000,1300,62.66,0,31.0,10.22
DOC_TRP_11376,Alpha_Trans,2025-05-08 00:00:00.000,1400,45.93,0,33.0,14.15
DOC_TRP_11377,Alpha_Trans,2025-10-27 00:00:00.000,400,68.73,1,17.0,9.66
DOC_TRP_11378,Beta_Logistic,2025-11-09 00:00:00.000,1400,88.91,0,36.0,5.48
DOC_TRP_11379,Alpha_Trans,2025-08-03 00:00:00.000,3300,58.07,0,66.0,28.16
DOC_TRP_11380,Beta_Logistic,2025-09-02 00:00:00.000,1400,82.93,0,30.0,7.69
DOC_TRP_11381,Beta_Logistic,2025-05-10 00:00:00.000,3300,97.81,0,68.0,4.72
DOC_TRP_11382,Alpha_Trans,2025-09-29 00:00:00.000,1000,73.13,1,41.0,23.76
DOC_TRP_11383,Trans_Express,2025-11-18 00:00:00.000,3300,85.97,0,65.0,5.27
DOC_TRP_11384,Beta_Logistic,2025-04-23 00:00:00.000,3300,86.80,0,68.0,18.60
DOC_TRP_11385,Alpha_Trans,2025-04-13 00:00:00.000,1300,55.11,0,31.0,8.28
DOC_TRP_11386,Alpha_Trans,2025-12-14 00:00:00.000,1400,48.80,0,36.0,33.17
DOC_TRP_11387,Alpha_Trans,2025-10-28 00:00:00.000,1400,62.53,0,34.0,26.69
DOC_TRP_11388,Alpha_Trans,2025-03-04 00:00:00.000,3300,50.68,0,68.0,13.18
DOC_TRP_11389,Trans_Express,2025-10-08 00:00:00.000,1400,80.97,0,33.0,5.72
DOC_TRP_11390,Trans_Express,2025-05-22 00:00:00.000,1400,86.53,0,35.0,7.80
DOC_TRP_11391,Trans_Express,2025-12-28 00:00:00.000,1300,86.33,0,32.0,19.79
DOC_TRP_11392,Beta_Logistic,2025-04-26 00:00:00.000,3300,84.41,0,68.0,7.73
DOC_TRP_11393,Alpha_Trans,2025-04-13 00:00:00.000,1300,71.13,0,31.0,24.59
DOC_TRP_11394,Trans_Express,2025-03-27 00:00:00.000,3300,93.16,0,66.0,6.91
DOC_TRP_11395,Trans_Express,2025-03-22 00:00:00.000,1000,87.13,1,33.0,5.18
DOC_TRP_11396,Beta_Logistic,2025-05-20 00:00:00.000,400,86.99,0,16.0,7.52
DOC_TRP_11397,Beta_Logistic,2025-09-19 00:00:00.000,1300,95.94,0,31.0,6.93
DOC_TRP_11398,Beta_Logistic,2025-10-23 00:00:00.000,3300,86.41,0,66.0,7.68
DOC_TRP_11399,Trans_Express,2025-08-08 00:00:00.000,1400,87.93,1,36.0,19.40
DOC_TRP_11400,Trans_Express,2025-08-02 00:00:00.000,400,81.80,0,19.0,21.17
DOC_TRP_11401,Beta_Logistic,2025-03-02 00:00:00.000,1300,91.50,0,32.0,7.32
DOC_TRP_11402,Alpha_Trans,2025-10-09 00:00:00.000,1300,72.53,0,31.0,23.54
DOC_TRP_11403,Beta_Logistic,2025-02-01 00:00:00.000,3300,75.40,0,68.0,21.00
DOC_TRP_11404,Beta_Logistic,2025-06-15 00:00:00.000,3300,75.67,0,66.0,21.26
DOC_TRP_11405,Alpha_Trans,2025-10-31 00:00:00.000,400,43.20,0,16.0,38.98
DOC_TRP_11406,Trans_Express,2025-06-05 00:00:00.000,1400,77.33,1,40.0,22.27
DOC_TRP_11407,Trans_Express,2025-05-08 00:00:00.000,1400,76.90,0,34.0,6.11
DOC_TRP_11408,Beta_Logistic,2025-08-28 00:00:00.000,400,77.07,0,19.0,20.97
DOC_TRP_11409,Beta_Logistic,2025-11-08 00:00:00.000,400,90.47,0,17.0,7.19
DOC_TRP_11410,Beta_Logistic,2025-02-16 00:00:00.000,1400,97.49,0,33.0,4.99
DOC_TRP_11411,Trans_Express,2025-12-04 00:00:00.000,1000,91.96,0,29.0,7.32
DOC_TRP_11412,Beta_Logistic,2025-11-13 00:00:00.000,400,92.25,0,16.0,5.18
DOC_TRP_11413,Beta_Logistic,2025-07-18 00:00:00.000,1300,88.88,0,32.0,5.29
DOC_TRP_11414,Trans_Express,2025-12-14 00:00:00.000,1000,75.76,0,29.0,8.63
DOC_TRP_11415,Trans_Express,2025-06-23 00:00:00.000,1000,94.20,1,30.0,7.21
DOC_TRP_11416,Beta_Logistic,2025-01-14 00:00:00.000,1000,96.00,0,29.0,17.18
DOC_TRP_11417,Trans_Express,2025-05-03 00:00:00.000,3300,92.46,0,65.0,6.70
DOC_TRP_11418,Alpha_Trans,2025-03-16 00:00:00.000,1300,59.60,0,33.0,10.72
DOC_TRP_11419,Beta_Logistic,2025-09-02 00:00:00.000,400,91.92,0,18.0,7.14
DOC_TRP_11420,Trans_Express,2025-12-27 00:00:00.000,400,97.44,0,19.0,4.73
DOC_TRP_11421,Alpha_Trans,2025-09-15 00:00:00.000,400,59.69,0,18.0,10.72
DOC_TRP_11422,Alpha_Trans,2025-01-08 00:00:00.000,400,48.07,0,17.0,33.72
DOC_TRP_11423,Trans_Express,2025-02-08 00:00:00.000,1300,84.40,1,38.0,20.36
DOC_TRP_11424,Beta_Logistic,2025-06-01 00:00:00.000,1300,87.34,0,32.0,7.40
DOC_TRP_11425,Trans_Express,2025-05-26 00:00:00.000,1300,80.53,0,33.0,20.92
DOC_TRP_11426,Beta_Logistic,2025-09-26 00:00:00.000,1300,89.62,0,33.0,5.51
DOC_TRP_11427,Beta_Logistic,2025-01-14 00:00:00.000,1300,76.31,0,34.0,6.08
DOC_TRP_11428,Beta_Logistic,2025-08-13 00:00:00.000,1400,92.40,0,36.0,17.76
DOC_TRP_11429,Alpha_Trans,2025-07-27 00:00:00.000,1300,50.59,0,31.0,9.70
DOC_TRP_11430,Trans_Express,2025-12-03 00:00:00.000,1400,86.09,0,35.0,7.54
DOC_TRP_11431,Trans_Express,2025-01-23 00:00:00.000,1000,81.55,0,27.0,5.90
DOC_TRP_11432,Alpha_Trans,2025-01-15 00:00:00.000,3300,72.05,0,65.0,8.80
DOC_TRP_11433,Trans_Express,2025-10-04 00:00:00.000,1300,76.67,0,33.0,8.27
DOC_TRP_11434,Beta_Logistic,2025-01-13 00:00:00.000,1400,89.35,0,36.0,7.38
DOC_TRP_11435,Alpha_Trans,2025-12-22 00:00:00.000,1000,50.76,0,27.0,13.22
DOC_TRP_11436,Alpha_Trans,2025-11-29 00:00:00.000,400,69.87,0,19.0,22.83
DOC_TRP_11437,Alpha_Trans,2025-11-04 00:00:00.000,1300,58.85,0,31.0,10.69
DOC_TRP_11438,Alpha_Trans,2025-09-09 00:00:00.000,3300,56.60,0,68.0,30.43
DOC_TRP_11439,Trans_Express,2025-02-17 00:00:00.000,3300,85.47,0,65.0,19.34
DOC_TRP_11440,Alpha_Trans,2025-09-13 00:00:00.000,3300,66.67,0,66.0,24.94
DOC_TRP_11441,Trans_Express,2025-03-16 00:00:00.000,1400,82.66,1,37.0,5.77
DOC_TRP_11442,Trans_Express,2025-10-18 00:00:00.000,3300,86.96,0,65.0,5.42
DOC_TRP_11443,Alpha_Trans,2025-08-30 00:00:00.000,1300,48.57,0,31.0,10.02
DOC_TRP_11444,Trans_Express,2025-11-02 00:00:00.000,3300,97.13,0,67.0,4.75
DOC_TRP_11445,Trans_Express,2025-03-13 00:00:00.000,3300,82.62,1,70.0,5.48
DOC_TRP_11446,Beta_Logistic,2025-03-13 00:00:00.000,1400,87.40,0,33.0,19.98
DOC_TRP_11447,Trans_Express,2025-04-24 00:00:00.000,1400,87.53,0,33.0,19.93
DOC_TRP_11448,Trans_Express,2025-08-21 00:00:00.000,1000,82.60,0,29.0,7.63
DOC_TRP_11449,Trans_Express,2025-10-10 00:00:00.000,3300,84.63,0,68.0,8.04
DOC_TRP_11450,Trans_Express,2025-10-08 00:00:00.000,3300,81.13,0,68.0,7.78
DOC_TRP_11451,Beta_Logistic,2025-06-08 00:00:00.000,1000,80.80,0,26.0,19.80
DOC_TRP_11452,Beta_Logistic,2025-09-02 00:00:00.000,1300,81.23,0,32.0,8.35
DOC_TRP_11453,Alpha_Trans,2025-01-13 00:00:00.000,1000,72.20,1,36.0,24.07
DOC_TRP_11454,Beta_Logistic,2025-09-07 00:00:00.000,1300,77.03,0,31.0,8.34
DOC_TRP_11455,Beta_Logistic,2025-06-04 00:00:00.000,1300,84.90,0,32.0,5.66
DOC_TRP_11456,Beta_Logistic,2025-02-27 00:00:00.000,1000,96.93,0,26.0,16.52
DOC_TRP_11457,Trans_Express,2025-07-25 00:00:00.000,3300,93.88,0,67.0,7.19
DOC_TRP_11458,Alpha_Trans,2025-09-04 00:00:00.000,1300,44.47,0,33.0,14.25
DOC_TRP_11459,Alpha_Trans,2025-09-07 00:00:00.000,1400,62.58,0,35.0,9.87
DOC_TRP_11460,Alpha_Trans,2025-03-23 00:00:00.000,1000,54.93,1,38.0,29.41
DOC_TRP_11461,Trans_Express,2025-04-18 00:00:00.000,400,96.93,0,17.0,16.66
DOC_TRP_11462,Trans_Express,2025-12-24 00:00:00.000,1400,95.06,0,36.0,6.78
DOC_TRP_11463,Alpha_Trans,2025-11-12 00:00:00.000,1400,48.75,0,35.0,13.59
DOC_TRP_11464,Trans_Express,2025-05-14 00:00:00.000,1300,85.47,1,35.0,7.53
DOC_TRP_11465,Beta_Logistic,2025-06-13 00:00:00.000,1000,79.62,0,27.0,8.51
DOC_TRP_11466,Alpha_Trans,2025-06-17 00:00:00.000,1000,45.48,1,41.0,10.57
DOC_TRP_11467,Trans_Express,2025-09-20 00:00:00.000,3300,93.83,0,65.0,5.25
DOC_TRP_11468,Alpha_Trans,2025-04-10 00:00:00.000,1300,57.27,0,31.0,8.63
DOC_TRP_11469,Alpha_Trans,2025-01-14 00:00:00.000,1400,63.03,0,34.0,10.62
DOC_TRP_11470,Trans_Express,2025-08-02 00:00:00.000,1000,82.07,0,29.0,19.33
DOC_TRP_11471,Trans_Express,2025-06-21 00:00:00.000,400,94.47,1,21.0,18.19
DOC_TRP_11472,Alpha_Trans,2025-11-03 00:00:00.000,1000,62.53,0,26.0,27.90
DOC_TRP_11473,Trans_Express,2025-11-27 00:00:00.000,1400,87.94,1,40.0,7.05
DOC_TRP_11474,Alpha_Trans,2025-04-19 00:00:00.000,1000,46.55,0,28.0,13.80
DOC_TRP_11475,Beta_Logistic,2025-02-07 00:00:00.000,3300,94.28,0,66.0,6.69
DOC_TRP_11476,Alpha_Trans,2025-04-24 00:00:00.000,1300,63.10,0,30.0,7.21
DOC_TRP_11477,Trans_Express,2025-01-26 00:00:00.000,3300,97.33,1,70.0,17.45
DOC_TRP_11478,Trans_Express,2025-05-16 00:00:00.000,3300,75.02,0,66.0,6.40
DOC_TRP_11479,Alpha_Trans,2025-01-12 00:00:00.000,3300,48.81,0,66.0,10.12
DOC_TRP_11480,Alpha_Trans,2025-04-12 00:00:00.000,1000,71.87,1,35.0,23.02
DOC_TRP_11481,Trans_Express,2025-02-23 00:00:00.000,3300,85.03,0,68.0,5.41
DOC_TRP_11482,Trans_Express,2025-06-24 00:00:00.000,1000,76.15,0,28.0,8.72
DOC_TRP_11483,Alpha_Trans,2025-10-10 00:00:00.000,1300,42.88,0,33.0,11.35
DOC_TRP_11484,Beta_Logistic,2025-12-29 00:00:00.000,1400,93.32,0,34.0,6.99
DOC_TRP_11485,Trans_Express,2025-05-24 00:00:00.000,400,85.63,0,17.0,7.44
DOC_TRP_11486,Beta_Logistic,2025-10-06 00:00:00.000,3300,76.40,0,66.0,21.19
DOC_TRP_11487,Alpha_Trans,2025-11-25 00:00:00.000,400,51.44,0,19.0,12.65
DOC_TRP_11488,Alpha_Trans,2025-03-14 00:00:00.000,1000,64.67,1,39.0,26.08
DOC_TRP_11489,Beta_Logistic,2025-10-23 00:00:00.000,3300,85.25,0,66.0,5.36
DOC_TRP_11490,Beta_Logistic,2025-04-01 00:00:00.000,400,88.67,0,19.0,17.94
DOC_TRP_11491,Alpha_Trans,2025-01-21 00:00:00.000,1000,68.89,1,37.0,7.21
DOC_TRP_11492,Alpha_Trans,2025-09-01 00:00:00.000,1000,50.33,1,37.0,32.52
DOC_TRP_11493,Trans_Express,2025-11-07 00:00:00.000,1300,83.69,0,33.0,7.48
DOC_TRP_11494,Trans_Express,2025-10-17 00:00:00.000,1000,80.31,0,28.0,7.78
DOC_TRP_11495,Alpha_Trans,2025-02-10 00:00:00.000,1000,62.05,0,29.0,7.60
DOC_TRP_11496,Beta_Logistic,2025-05-22 00:00:00.000,3300,95.74,0,64.0,6.69
DOC_TRP_11497,Trans_Express,2025-02-17 00:00:00.000,1300,90.53,0,34.0,18.19
DOC_TRP_11498,Alpha_Trans,2025-10-20 00:00:00.000,1400,54.27,0,36.0,31.93
DOC_TRP_11499,Trans_Express,2025-07-20 00:00:00.000,400,85.90,0,19.0,7.60
